18000.0,12.21,United States Postal Service,10+ years,RENT,52526.0,Fully Paid,debt_consolidation,MA,13.36,740.0,744.0
12000.0,15.05,Universal Am-Can,< 1 year,RENT,29000.0,Fully Paid,small_business,MD,2.48,670.0,674.0
5000.0,9.63,Texas Department of Information Resources,2 years,RENT,76344.0,Fully Paid,house,TX,8.63,720.0,724.0
12000.0,13.16,Best Buy,3 years,RENT,55000.0,Fully Paid,major_purchase,CA,13.16,705.0,709.0
20000.0,12.53,"ATC associates, inc",4 years,RENT,68000.0,Fully Paid,debt_consolidation,FL,18.23,730.0,734.0
11000.0,13.79,Procter and Gamble,1 year,RENT,69996.0,Fully Paid,other,AR,14.8,685.0,689.0
8000.0,12.84,Convergent Wealth Advisors,1 year,RENT,42000.0,Fully Paid,debt_consolidation,NY,14.2,715.0,719.0
8000.0,15.68,"CreditCards.com, Inc.",5 years,MORTGAGE,80000.0,Fully Paid,debt_consolidation,TX,16.3,660.0,664.0
1600.0,7.68,Restaurant Associates,2 years,RENT,23000.0,Fully Paid,major_purchase,PA,4.64,755.0,759.0
5000.0,9.63,ernst young,2 years,RENT,95004.0,Fully Paid,credit_card,FL,15.4,725.0,729.0
8400.0,13.79,"Carter Oil Company, Inc.",5 years,RENT,45000.0,Charged Off,debt_consolidation,AZ,24.75,695.0,699.0
7500.0,12.53,Fabel Designs,2 years,RENT,40000.0,Charged Off,small_business,UT,12.87,785.0,789.0
8500.0,14.11,RAPP Retail,< 1 year,MORTGAGE,54996.0,Charged Off,home_improvement,TX,1.0,705.0,709.0
14500.0,14.42,Fischer & Company,< 1 year,RENT,30000.0,Fully Paid,debt_consolidation,PA,18.04,695.0,699.0
10000.0,9.32,"Intellitoys, LLC",1 year,RENT,55000.0,Fully Paid,moving,NY,0.39,780.0,784.0
12000.0,7.37,AMG Imaging Supplies,< 1 year,MORTGAGE,50004.0,Fully Paid,car,FL,10.1,740.0,744.0
13000.0,9.63,Realtor-Self Employed,1 year,MORTGAGE,42000.0,Fully Paid,small_business,TX,16.14,785.0,789.0
6000.0,8.0,BearingPoint,3 years,RENT,60000.0,Fully Paid,wedding,NY,1.06,765.0,769.0
4800.0,15.37,University of Massachusetts-Dartmouth: Housing Department,3 years,RENT,15996.0,Fully Paid,other,MA,9.98,665.0,669.0
13000.0,12.53,Surgical Specialty Hospital,< 1 year,RENT,65004.0,Fully Paid,debt_consolidation,AZ,17.11,710.0,714.0
5000.0,9.32,Liquidity Services Inc,< 1 year,RENT,50000.0,Fully Paid,small_business,VA,17.57,735.0,739.0
10500.0,11.89,Kaiser Hospital,5 years,MORTGAGE,113000.0,Fully Paid,credit_card,CA,6.02,725.0,729.0
12000.0,12.21,Venue Security Corp,1 year,RENT,36000.0,Fully Paid,car,CA,20.33,675.0,679.0
10750.0,15.37,Ojai Valley Inn and Spa,3 years,RENT,41000.0,Fully Paid,debt_consolidation,CA,23.33,665.0,669.0
6000.0,8.0,Garlock Sealing Technologies,4 years,MORTGAGE,44500.0,Fully Paid,debt_consolidation,NY,6.44,750.0,754.0
8500.0,13.16,Toyota South,3 years,MORTGAGE,75000.0,Charged Off,debt_consolidation,GA,12.27,695.0,699.0
6500.0,13.79,ARROW HEAD,10+ years,MORTGAGE,38004.0,Fully Paid,other,TX,23.37,685.0,689.0
6000.0,13.79,Valley Insurance Agency,< 1 year,RENT,26500.0,Fully Paid,debt_consolidation,CO,5.34,680.0,684.0
16000.0,14.74,Social Security Board,10+ years,RENT,54396.0,Fully Paid,debt_consolidation,NY,9.13,680.0,684.0
20000.0,14.11,fender mender,2 years,RENT,84996.0,Fully Paid,wedding,SC,19.27,700.0,704.0
16000.0,16.63,LWL Worldwide Inc,2 years,MORTGAGE,70000.0,Fully Paid,small_business,OR,0.26,665.0,669.0
15000.0,16.0,adir international,7 years,RENT,62000.0,Charged Off,debt_consolidation,CA,7.88,685.0,689.0
8000.0,16.0,Asn Natural Stone,< 1 year,OTHER,38400.0,Fully Paid,other,CA,2.31,665.0,669.0
15000.0,12.21,"B&R Products, Inc.",10+ years,MORTGAGE,150000.0,Fully Paid,wedding,FL,17.84,750.0,754.0
3600.0,12.21,Advance Technology Services,< 1 year,RENT,30000.0,Fully Paid,vacation,IL,0.6,715.0,719.0
11000.0,15.05,Ikon Global Markets,< 1 year,RENT,35000.0,Fully Paid,debt_consolidation,NJ,7.78,670.0,674.0
15000.0,12.84,Janus Capital Group,1 year,MORTGAGE,102000.0,Fully Paid,debt_consolidation,CO,12.46,720.0,724.0
6500.0,9.32,Sweetbay Supermarket,1 year,RENT,31400.0,Charged Off,debt_consolidation,FL,12.08,745.0,749.0
6000.0,11.89,lemon-x corp,< 1 year,RENT,38004.0,Fully Paid,debt_consolidation,NY,22.58,720.0,724.0
2500.0,14.74,Bob Lindsay Plumbing,1 year,OWN,17676.0,Fully Paid,debt_consolidation,NH,19.08,670.0,674.0
9000.0,11.89,MarketFinders,10+ years,RENT,85000.0,Fully Paid,credit_card,CA,8.84,730.0,734.0
5000.0,12.21,"FOUR TREES, INC.",6 years,MORTGAGE,74000.0,Fully Paid,small_business,WI,17.56,710.0,714.0
7000.0,9.63,verisign,3 years,RENT,105000.0,Fully Paid,credit_card,VA,3.19,760.0,764.0
5000.0,14.11,Oce Business Services,3 years,OWN,25740.0,Fully Paid,debt_consolidation,TX,6.2,695.0,699.0
5500.0,12.53,Bella Luna Restaurant,3 years,RENT,27996.0,Fully Paid,moving,CT,22.72,700.0,704.0
15000.0,16.63,"H&K Insurance Agency, Inc",2 years,OTHER,46000.0,Fully Paid,debt_consolidation,MA,7.93,670.0,674.0
9250.0,12.53,Flagstaff Unified School District,< 1 year,RENT,13000.0,Charged Off,affordable family adventures. Some of these items include a gear trailer,guiding,and educating folks in the outdoors.   Please help us fulfill our dream of finally working together in providing our guests with the outdoor experiences they deserve to enjoy a relaxing,"family-run business.   Please call if you have any questions or would like to come see a beautiful part of Southwest Colorado!  Thank you in advance for your consideration.  We will not disappoint you!  Amanda & Liam O'Neill (307)250-7389   \"",small_business
5000.0,13.16,Brown Brothers Harriman,4 years,RENT,58000.0,Fully Paid,debt_consolidation,MA,0.12,720.0,724.0
10000.0,16.63,General Dynamics,< 1 year,MORTGAGE,85000.0,Fully Paid,small_business,MA,15.61,660.0,664.0
10000.0,8.0,"ESRI, Inc.",1 year,MORTGAGE,111150.0,Fully Paid,but I want to maintain liquidity.   My wife and I both have secure jobs and a solid credit history. Our bills are low enough to be covered by one job if necessary.  I work at a company who is currently growing,home_improvement,Finish landscaping and improvements,0.49,0.0
2600.0,12.53,Progressive Broadcasting Inc.,2 years,RENT,16000.0,Fully Paid,debt_consolidation,PA,19.2,695.0,699.0
4900.0,14.11,Ventana Medical Systems,4 years,MORTGAGE,53000.0,Fully Paid,debt_consolidation,AZ,3.22,680.0,684.0
5775.0,9.63,medallion employment,1 year,RENT,36900.0,Charged Off,medical,NJ,7.15,730.0,734.0
24000.0,16.32,harris county hospital district,2 years,MORTGAGE,79996.0,Fully Paid,debt_consolidation,TX,14.93,680.0,684.0
8500.0,14.42,The Travelers Companies Inc.,10+ years,MORTGAGE,85000.0,Fully Paid,home_improvement,FL,6.11,675.0,679.0
10400.0,7.37,houston Cold Freight,5 years,OWN,48000.0,Fully Paid,car,TX,12.07,725.0,729.0
12000.0,12.53,zozaya officiating,7 years,RENT,53004.0,Charged Off,debt_consolidation,CA,16.26,715.0,719.0
12000.0,9.63,Baldor Electric Company,10+ years,MORTGAGE,210000.0,Fully Paid,debt_consolidation,AR,13.14,760.0,764.0
15000.0,12.84,Tubelite Company Inc,5 years,RENT,30000.0,Fully Paid,debt_consolidation,FL,12.92,715.0,719.0
15000.0,12.84,,< 1 year,OWN,70000.0,Fully Paid,small_business,DC,0.26,760.0,764.0
12000.0,13.16,"Weston Solutions, Incorporated",1 year,RENT,43000.0,Fully Paid,credit_card,PA,7.14,720.0,724.0
5550.0,15.37,Village of Montpelier,3 years,MORTGAGE,45300.0,Fully Paid,major_purchase,OH,8.26,665.0,669.0
18000.0,12.84,BlackRock Financial,2 years,RENT,55000.0,Fully Paid,wedding,NJ,7.29,745.0,749.0
11850.0,14.11,C&S Wholesale Grocers Inc,7 years,RENT,48500.0,Fully Paid,debt_consolidation,MA,20.96,680.0,684.0
12000.0,14.42,Glidden/Akzo Nobel Paints,3 years,MORTGAGE,37000.0,Charged Off,debt_consolidation,GA,7.91,680.0,684.0
6000.0,8.0,Improvement Direct,2 years,RENT,23198.0,Fully Paid,car,CA,8.95,755.0,759.0
17000.0,13.16,Rockdale County BOE,2 years,MORTGAGE,51996.0,Charged Off,debt_consolidation,GA,16.87,730.0,734.0
22000.0,16.63,Social Security Administration (SSA),9 years,MORTGAGE,66000.0,Fully Paid,credit_card,TX,14.96,675.0,679.0
7500.0,13.79,CNY Healing Arts,1 year,RENT,32000.0,Fully Paid,small_business,NY,9.86,710.0,714.0
10000.0,15.68,Saia Motorfreight,2 years,MORTGAGE,57000.0,Charged Off,home_improvement,OH,7.62,680.0,684.0
6000.0,9.63,Smith Barney,< 1 year,RENT,44000.0,Fully Paid,debt_consolidation,NJ,4.99,730.0,734.0
2400.0,14.42,Dr. Demartino,< 1 year,OWN,25000.0,Fully Paid,car,MA,12.38,675.0,679.0
13750.0,13.79,georgia southern university,2 years,RENT,33000.0,Fully Paid,debt_consolidation,GA,20.36,700.0,704.0
20000.0,12.53,US Air Force,9 years,MORTGAGE,90000.0,Fully Paid,small_business,NJ,0.68,790.0,794.0
25000.0,12.53,Aerotek,1 year,MORTGAGE,85000.0,Fully Paid,educational,CA,16.24,760.0,764.0
12000.0,9.63,Self,5 years,OWN,60000.0,Fully Paid,small_business,NY,6.76,805.0,809.0
4000.0,13.47,Vinckier Foods,5 years,RENT,20000.0,Fully Paid,house,MI,15.06,700.0,704.0
10000.0,13.79,lsw,5 years,MORTGAGE,47000.0,Fully Paid,other,TX,23.69,690.0,694.0
2400.0,13.16,NDI,5 years,RENT,77700.0,Fully Paid,educational,VA,19.1,675.0,679.0
10000.0,11.89,"Law Office of Frederick R. Franke, Jr.",10+ years,RENT,54480.0,Fully Paid,debt_consolidation,MD,21.54,730.0,734.0
3000.0,8.0,Ann Taylor Retail Inc.,1 year,RENT,43500.0,Fully Paid,moving,FL,5.49,735.0,739.0
7200.0,7.68,Sapphire Energy,< 1 year,RENT,85000.0,Fully Paid,major_purchase,CA,16.72,775.0,779.0
10000.0,12.84,Schlumberger Ltd.,< 1 year,RENT,28000.0,Fully Paid,debt_consolidation,KS,10.89,710.0,714.0
10000.0,13.47,,< 1 year,RENT,75000.0,Fully Paid,debt_consolidation,NY,8.54,740.0,744.0
12000.0,9.32,"Enovity, Inc.",< 1 year,MORTGAGE,143150.0,Fully Paid,home_improvement,WA,4.69,790.0,794.0
14100.0,8.0,The Grand Canal Shoppes at The Venetian,2 years,MORTGAGE,63000.0,Fully Paid,debt_consolidation,NV,10.82,715.0,719.0
16800.0,7.37,Advantage Data  Inc.,< 1 year,RENT,78000.0,Fully Paid,car,MA,1.15,770.0,774.0
10000.0,13.16,"Scott & White EMS, Inc.",2 years,RENT,33500.0,Fully Paid,small_business,TX,17.37,770.0,774.0
5000.0,9.63,Parker Consulting Services,4 years,MORTGAGE,45204.0,Fully Paid,other,FL,11.12,730.0,734.0
10000.0,12.21,Citadel Solutions LLC,1 year,RENT,56500.0,Fully Paid,other,IL,19.2,760.0,764.0
10000.0,14.11,Armstrong Capital,< 1 year,RENT,85000.0,Fully Paid,debt_consolidation,NY,3.92,680.0,684.0
11000.0,9.32,Los Angeles Unified School District,3 years,RENT,65867.36,Fully Paid,credit_card,CA,19.15,745.0,749.0
5000.0,13.16,LANCASTER COMMUNITY HOSPITAL,2 years,RENT,142000.0,Fully Paid,home_improvement,CA,23.26,685.0,689.0
12000.0,16.0,Special School District,5 years,MORTGAGE,36000.0,Fully Paid,home_improvement,MO,0.33,660.0,664.0
8500.0,7.37,medco health solutions,1 year,RENT,28800.0,Fully Paid,car,TX,19.83,730.0,734.0
1000.0,7.68,Howrey LLP,< 1 year,MORTGAGE,91000.0,Fully Paid,other,MD,9.77,750.0,754.0
1400.0,12.53,MWH Global,7 years,MORTGAGE,66500.0,Fully Paid,other,IL,14.29,695.0,699.0
9250.0,13.16,Pacer Energy Marketing,3 years,OWN,52000.0,Fully Paid,credit_card,OK,21.9,700.0,704.0
10000.0,13.79,Consulate General of the Dominican Republic,8 years,MORTGAGE,40000.0,Fully Paid,debt_consolidation,FL,21.66,690.0,694.0
7000.0,14.74,County of Henrico,10+ years,OWN,35482.2,Fully Paid,debt_consolidation,VA,17.28,670.0,674.0
14000.0,15.68,Self employed: The Photo Buddy,2 years,MORTGAGE,55000.0,Fully Paid,debt_consolidation,FL,18.92,670.0,674.0
10000.0,13.79,"VASQUEZ & Co, LLP",2 years,RENT,65000.0,Fully Paid,debt_consolidation,CA,18.2,685.0,689.0
8500.0,8.0,"McTish, Kunkel & Associates",4 years,MORTGAGE,83000.0,Fully Paid,home_improvement,PA,6.75,785.0,789.0
4000.0,8.0,,< 1 year,RENT,48000.0,Fully Paid,medical,TX,2.77,770.0,774.0
17000.0,9.63,Internal Revenue Service (IRS),7 years,RENT,89004.0,Fully Paid,debt_consolidation,DC,14.71,770.0,774.0
15000.0,16.95,B&H Photo Video,2 years,RENT,47000.0,Fully Paid,small_business,NY,0.38,685.0,689.0
20500.0,13.16,Bluepoint Surgical Group,2 years,RENT,70000.0,Fully Paid,debt_consolidation,VA,20.06,720.0,724.0
10000.0,11.89,Properties Plus  LLC,1 year,RENT,45000.0,Fully Paid,debt_consolidation,CO,21.95,750.0,754.0
12000.0,12.53,ECI,6 years,RENT,88000.0,Fully Paid,debt_consolidation,CA,11.15,715.0,719.0
8000.0,14.74,Altera Corp.,8 years,RENT,101000.0,Fully Paid,debt_consolidation,CA,6.42,670.0,674.0
3500.0,11.89,"Orphic Workshop, LLC",2 years,RENT,30000.0,Fully Paid,credit_card,NM,11.68,720.0,724.0
11000.0,15.68,MD ANDERSON CANCER CENTER,< 1 year,MORTGAGE,50004.0,Fully Paid,home_improvement,TX,13.94,665.0,669.0
10000.0,9.63,El Dorado Irrigation District,6 years,MORTGAGE,102000.0,Fully Paid,debt_consolidation,CA,2.47,740.0,744.0
3500.0,16.0,Goodwill Industries of Orange County,1 year,OWN,35000.0,Fully Paid,medical,CA,23.45,660.0,664.0
18000.0,16.0,city of brigeport,10+ years,RENT,70000.0,Fully Paid,vacation,CT,8.66,675.0,679.0
11100.0,9.63,new england lining supply,1 year,OWN,25000.0,Fully Paid,small_business,RI,17.71,740.0,744.0
9250.0,13.79,Arizona State Credit Union,3 years,MORTGAGE,49500.0,Fully Paid,credit_card,AZ,15.85,680.0,684.0
12800.0,14.11,Merck  and  Co.,< 1 year,RENT,90600.0,Fully Paid,debt_consolidation,PA,20.33,700.0,704.0
16000.0,12.21,Ceradyne Thermo,5 years,MORTGAGE,86000.0,Fully Paid,debt_consolidation,GA,10.74,735.0,739.0
8000.0,13.79,Butte College,5 years,RENT,75000.0,Fully Paid,credit_card,CA,12.78,680.0,684.0
6000.0,9.32,Boy Scouts of America,2 years,RENT,41000.0,Fully Paid,debt_consolidation,CA,10.77,740.0,744.0
6400.0,13.16,burr pilger and maer,2 years,RENT,56000.0,Fully Paid,medical,CA,12.45,690.0,694.0
9100.0,10.95,Butler International,1 year,MORTGAGE,81204.0,Fully Paid,car,AL,0.15,690.0,694.0
7000.0,9.32,BETA Group,8 years,RENT,72000.0,Fully Paid,moving,MA,18.5,740.0,744.0
6850.0,13.47,TranTech,2 years,MORTGAGE,100000.0,Fully Paid,home_improvement,VA,11.62,685.0,689.0
6000.0,9.32,"Cole, Evans & Peterson",10+ years,MORTGAGE,45000.0,Fully Paid,other,LA,1.33,760.0,764.0
1200.0,12.21,Liberty Plaza,2 years,RENT,31200.0,Fully Paid,educational,CA,4.54,700.0,704.0
11100.0,12.21,Personal Care Professionals,2 years,RENT,32244.0,Fully Paid,debt_consolidation,NJ,23.71,715.0,719.0
8700.0,13.47,USAF,10+ years,MORTGAGE,70236.0,Fully Paid,credit_card,WY,20.43,705.0,709.0
6500.0,8.0,"Inland Imaging, LLC",< 1 year,RENT,92000.0,Fully Paid,debt_consolidation,WA,6.59,805.0,809.0
8000.0,9.63,max-m-co,9 years,OWN,42000.0,Fully Paid,wedding,TX,9.03,740.0,744.0
10000.0,14.11,Hewlett Packard,7 years,RENT,67000.0,Fully Paid,debt_consolidation,HI,6.86,680.0,684.0
7000.0,9.63,Wattles Office Supply,< 1 year,OWN,24000.0,Fully Paid,debt_consolidation,FL,7.85,725.0,729.0
2000.0,7.37,Mobius works,< 1 year,MORTGAGE,65000.0,Fully Paid,home_improvement,MA,2.38,780.0,784.0
9600.0,14.74,skb properties,4 years,MORTGAGE,55004.0,Fully Paid,debt_consolidation,UT,20.88,680.0,684.0
11750.0,13.47,Urban Health Plan,3 years,RENT,98000.0,Fully Paid,debt_consolidation,NY,16.4,695.0,699.0
6000.0,8.0,L.P. Freight Services,8 years,MORTGAGE,92004.0,Charged Off,debt_consolidation,TX,5.07,750.0,754.0
15250.0,15.05,Kroger Co.,6 years,MORTGAGE,45500.0,Fully Paid,debt_consolidation,OH,11.76,680.0,684.0
15000.0,15.05,Osteria,1 year,RENT,42000.0,Fully Paid,credit_card,PA,15.43,685.0,689.0
1400.0,15.37,Jet West Music Group Ltd,1 year,MORTGAGE,36000.0,Fully Paid,small_business,NV,5.07,710.0,714.0
8000.0,10.95,Pesci Family,10+ years,RENT,39996.0,Charged Off,car,NJ,22.98,690.0,694.0
6000.0,12.84,"Bee Creek Communications, Inc",2 years,OWN,42000.0,Fully Paid,other,TX,15.29,690.0,694.0
5500.0,8.0,howdys transport,3 years,MORTGAGE,57000.0,Fully Paid,debt_consolidation,MN,18.76,745.0,749.0
3600.0,7.68,Transitional Services Associaton Inc.,3 years,RENT,30500.0,Fully Paid,major_purchase,NY,10.54,750.0,754.0
5000.0,15.37,Jancewicz and Son,< 1 year,OWN,37440.0,Fully Paid,debt_consolidation,NH,22.92,660.0,664.0
15000.0,13.47,Merrick Bank,6 years,RENT,53500.0,Fully Paid,debt_consolidation,NY,14.06,700.0,704.0
10000.0,12.21,HOLON ENGINEERING,10+ years,MORTGAGE,67000.0,Fully Paid,home_improvement,MS,11.77,740.0,744.0
14400.0,13.47,Huron Consulting Group,< 1 year,RENT,62000.0,Fully Paid,credit_card,NY,10.35,700.0,704.0
12000.0,13.79,KBC Pub Inc.,5 years,OWN,49008.0,Fully Paid,debt_consolidation,PA,11.7,685.0,689.0
6000.0,14.74,Sprint,10+ years,MORTGAGE,100824.0,Fully Paid,debt_consolidation,MD,4.96,670.0,674.0
4500.0,15.05,Brother Martin High School,1 year,RENT,33000.0,Fully Paid,car,LA,11.78,660.0,664.0
8000.0,13.79,Failmezger Auto Repair,8 years,MORTGAGE,60000.0,Fully Paid,small_business,NY,10.54,680.0,684.0
1000.0,8.0,SAE International,4 years,MORTGAGE,68000.0,Fully Paid,home_improvement,PA,9.21,740.0,744.0
1500.0,14.74,Twin Oaks Software Development,1 year,RENT,39500.0,Fully Paid,debt_consolidation,CT,20.35,675.0,679.0
12000.0,17.26,Dept. of Public Social Services and Home Depot,10+ years,RENT,70802.0,Fully Paid,debt_consolidation,CA,2.71,665.0,669.0
6000.0,13.47,self,5 years,OWN,40000.0,Fully Paid,small_business,AZ,4.62,675.0,679.0
10000.0,12.21,quaker oats,6 years,RENT,50004.0,Fully Paid,debt_consolidation,MO,3.0,715.0,719.0
15000.0,14.42,Columbia University,9 years,RENT,90000.0,Fully Paid,debt_consolidation,NY,8.21,685.0,689.0
10000.0,9.63,Havertys Furniture,9 years,MORTGAGE,60000.0,Charged Off,debt_consolidation,GA,9.44,745.0,749.0
9000.0,12.53,Owens-Illinois,1 year,RENT,40000.0,Fully Paid,car,PA,0.9,730.0,734.0
5500.0,7.68,City of Walnut Creek,4 years,RENT,70000.0,Fully Paid,credit_card,CA,10.32,780.0,784.0
3500.0,9.32,City of Boca Raton,9 years,MORTGAGE,87000.0,Fully Paid,other,FL,13.5,725.0,729.0
10000.0,9.63,Airetek Service LLC,1 year,RENT,30000.0,Charged Off,debt_consolidation,PA,15.88,760.0,764.0
12000.0,14.74,Major Auto Group,10+ years,RENT,54000.0,Fully Paid,debt_consolidation,NY,4.62,695.0,699.0
9000.0,13.47,Accel,10+ years,MORTGAGE,35100.0,Fully Paid,home_improvement,TX,21.91,755.0,759.0
20000.0,13.79,Symantec Corp.,5 years,RENT,72000.0,Fully Paid,debt_consolidation,OR,20.1,705.0,709.0
12000.0,13.47,,2 years,RENT,50004.0,Fully Paid,debt_consolidation,PA,13.7,690.0,694.0
10000.0,14.11,,< 1 year,RENT,72500.0,Fully Paid,home_improvement,WA,24.7,675.0,679.0
6000.0,12.21,AIT,1 year,MORTGAGE,35000.0,Fully Paid,renewable_energy,AL,15.22,715.0,719.0
7000.0,8.0,UMass,3 years,MORTGAGE,96713.32,Fully Paid,major_purchase,MA,11.79,815.0,819.0
9000.0,14.11,Commerce Bank of WA,6 years,RENT,52000.0,Fully Paid,debt_consolidation,WA,24.92,685.0,689.0
16000.0,16.32,M&T Bank,1 year,MORTGAGE,67000.0,Fully Paid,debt_consolidation,NY,10.39,665.0,669.0
2500.0,7.37,U.S. Department of Education,7 years,RENT,112995.0,Fully Paid,other,VA,0.39,770.0,774.0
20000.0,13.47,"Infinity Designs, Inc.",6 years,MORTGAGE,184000.0,Charged Off,debt_consolidation,AK,7.28,730.0,734.0
10000.0,13.79,UBS Financial Services,2 years,RENT,50004.0,Fully Paid,small_business,NY,16.58,710.0,714.0
8000.0,13.16,eSpindle Learning,5 years,RENT,55000.0,Fully Paid,small_business,CA,20.07,715.0,719.0
18000.0,17.26,Information Technology Partners,< 1 year,OWN,101300.0,Fully Paid,house,IL,14.42,660.0,664.0
12000.0,12.53,Reading School District,< 1 year,RENT,39000.0,Fully Paid,wedding,PA,13.75,715.0,719.0
4000.0,7.68,State of California,< 1 year,RENT,32000.0,Fully Paid,major_purchase,CA,5.7,770.0,774.0
19000.0,12.84,"VACC, Inc.",2 years,RENT,65000.0,Fully Paid,debt_consolidation,CA,16.25,720.0,724.0
20000.0,12.84,Pape and Sons Construction,3 years,MORTGAGE,70000.0,Fully Paid,small_business,WA,16.87,745.0,749.0
18000.0,14.42,JDK Business Automation,3 years,MORTGAGE,70000.0,Fully Paid,wedding,TX,7.89,720.0,724.0
5000.0,13.16,The Next Idea llc,6 years,MORTGAGE,150000.0,Fully Paid,small_business,CA,10.98,690.0,694.0
20000.0,14.74,Haldex,10+ years,MORTGAGE,114000.0,Fully Paid,debt_consolidation,MI,15.27,700.0,704.0
16000.0,14.42,Newell Rubbermaid,10+ years,RENT,70000.0,Fully Paid,debt_consolidation,PA,20.54,685.0,689.0
20000.0,13.47,EquiLend,3 years,MORTGAGE,160000.0,Fully Paid,small_business,NY,5.02,760.0,764.0
6500.0,8.0,Sales Performance Associates LLC,< 1 year,MORTGAGE,50000.0,Fully Paid,small_business,GA,3.24,820.0,824.0
14000.0,9.63,Self and part of Consultant Groups,< 1 year,MORTGAGE,132000.0,Fully Paid,small_business,GA,14.59,785.0,789.0
10000.0,11.89,Loyola University New Orleans,10+ years,RENT,85000.0,Fully Paid,major_purchase,LA,11.86,730.0,734.0
8400.0,9.32,,4 years,RENT,189996.0,Fully Paid,car,CA,1.05,775.0,779.0
6000.0,12.84,Transportation Security Administration,2 years,RENT,42996.0,Fully Paid,debt_consolidation,CA,11.95,690.0,694.0
2200.0,9.32,StoneBrook Manor,8 years,RENT,17004.0,Charged Off,debt_consolidation,PA,24.63,730.0,734.0
7000.0,11.89,TM Floyd,1 year,RENT,108000.0,Fully Paid,house,SC,7.04,790.0,794.0
18225.0,9.63,Mr.  and  Mrs. Apfelbaum,6 years,OTHER,35004.0,Fully Paid,debt_consolidation,CT,22.76,780.0,784.0
8800.0,14.42,UCSF,10+ years,RENT,46296.0,Fully Paid,debt_consolidation,CA,5.94,705.0,709.0
4000.0,9.32,Fourth Wall Marketing,1 year,RENT,52800.0,Fully Paid,major_purchase,CA,0.59,740.0,744.0
2000.0,15.05,Southwest Airlines,10+ years,RENT,50000.0,Fully Paid,medical,CA,22.99,665.0,669.0
5250.0,9.63,Cardinal Glass Industries  Inc,3 years,MORTGAGE,65004.0,Fully Paid,credit_card,MN,20.16,725.0,729.0
1500.0,8.0,"Medical Solutions of Arkansas, LLC.",2 years,RENT,24840.0,Charged Off,other,AR,14.73,765.0,769.0
14000.0,13.16,The Judge Group,10+ years,RENT,93000.0,Fully Paid,credit_card,PA,19.24,715.0,719.0
5000.0,14.74,Web Success,3 years,RENT,50000.0,Fully Paid,small_business,FL,6.79,690.0,694.0
6400.0,8.0,Music and Arts,7 years,MORTGAGE,50000.0,Fully Paid,other,VA,11.4,790.0,794.0
10000.0,13.47,Vera Reporting,4 years,RENT,54996.0,Fully Paid,car,TX,5.59,690.0,694.0
6000.0,14.74,Self-Employed ebay  loan request is to start a business,10+ years,RENT,36000.0,Charged Off,small_business,PA,14.0,675.0,679.0
10000.0,14.42,Beef O bradys,1 year,RENT,60000.0,Charged Off,small_business,FL,11.26,680.0,684.0
9925.0,9.63,Beauty Mart Supplies,9 years,MORTGAGE,48000.0,Fully Paid,small_business,GA,24.52,740.0,744.0
2600.0,14.74,Children's Scholarship Fund,1 year,RENT,30996.0,Fully Paid,educational,PA,5.3,660.0,664.0
5750.0,14.74,fantastic sams,1 year,OTHER,16000.0,Fully Paid,credit_card,CA,12.6,680.0,684.0
7500.0,13.47,Denver Health,< 1 year,MORTGAGE,64956.0,Fully Paid,home_improvement,CO,6.76,685.0,689.0
8000.0,13.16,PEC Corp.,< 1 year,RENT,50000.0,Fully Paid,debt_consolidation,CO,19.51,735.0,739.0
12000.0,9.63,Model N Inc,< 1 year,RENT,204000.0,Fully Paid,credit_card,NJ,9.14,745.0,749.0
10000.0,14.11,Office Team,1 year,RENT,45000.0,Fully Paid,debt_consolidation,CA,7.95,680.0,684.0
3200.0,8.0,Sophos,< 1 year,MORTGAGE,75000.0,Fully Paid,debt_consolidation,MA,5.79,735.0,739.0
7200.0,13.79,Nerve Contracting,10+ years,RENT,31944.0,Fully Paid,debt_consolidation,NY,22.13,680.0,684.0
7000.0,13.47,PALM BEACH GARDENS MED CTR,10+ years,MORTGAGE,92000.0,Fully Paid,car,FL,4.73,690.0,694.0
10500.0,16.32,ING,5 years,RENT,46000.0,Fully Paid,debt_consolidation,NJ,9.97,660.0,664.0
8000.0,12.21,Self Employed,4 years,RENT,20000.0,Fully Paid,credit_card,CA,0.0,770.0,774.0
8125.0,14.42,retired,< 1 year,OWN,12000.0,Fully Paid,other,NM,0.0,685.0,689.0
3400.0,13.16,USAF,4 years,OWN,31776.0,Fully Paid,other,CT,9.67,715.0,719.0
8000.0,13.16,"Alacriti, Inc",1 year,MORTGAGE,32000.0,Fully Paid,debt_consolidation,NJ,11.44,695.0,699.0
6000.0,13.16,St. Lucie County School Board,1 year,RENT,36000.0,Charged Off,debt_consolidation,FL,23.77,690.0,694.0
5000.0,13.79,GE Transportation,< 1 year,RENT,50004.0,Charged Off,major_purchase,PA,24.07,685.0,689.0
20000.0,12.84,scholastic uniforms,4 years,OWN,45000.0,Charged Off,debt_consolidation,NY,19.12,765.0,769.0
12000.0,13.79,Alief Independent School District,10+ years,RENT,55008.0,Fully Paid,debt_consolidation,TX,20.4,700.0,704.0
6000.0,9.32,Sage,< 1 year,MORTGAGE,65000.0,Fully Paid,other,AZ,9.73,760.0,764.0
3000.0,12.84,retired,< 1 year,MORTGAGE,99996.0,Fully Paid,debt_consolidation,NJ,18.58,690.0,694.0
6000.0,14.42,CISCO Chemicals,< 1 year,MORTGAGE,61200.0,Fully Paid,major_purchase,GA,14.75,670.0,674.0
9325.0,12.53,Arctic Transportation Services,8 years,MORTGAGE,85000.0,Charged Off,small_business,AK,18.58,710.0,714.0
6700.0,13.47,Citysearch,2 years,RENT,72204.0,Fully Paid,debt_consolidation,FL,14.21,685.0,689.0
6000.0,9.32,P.M.A.M.,1 year,RENT,48500.0,Fully Paid,other,MD,4.08,740.0,744.0
16000.0,12.53,,< 1 year,MORTGAGE,46500.0,Fully Paid,debt_consolidation,PA,21.7,725.0,729.0
5000.0,9.32,United States Air Force,2 years,RENT,58979.28,Fully Paid,house,FL,10.46,775.0,779.0
15000.0,13.16,COMBINED COMPUTER RESOURCES,1 year,OWN,40000.0,Fully Paid,debt_consolidation,NJ,13.14,710.0,714.0
5750.0,13.79,American General Finance,3 years,MORTGAGE,52000.0,Fully Paid,debt_consolidation,OH,18.58,685.0,689.0
12000.0,15.68,HKS  Inc.,4 years,MORTGAGE,80000.0,Fully Paid,debt_consolidation,FL,14.21,670.0,674.0
12000.0,14.11,Wilkes Barre Twp Police,10+ years,MORTGAGE,90000.0,Fully Paid,debt_consolidation,PA,13.73,680.0,684.0
1500.0,12.84,Halliburton Energy Services,4 years,OWN,61200.0,Fully Paid,other,LA,17.65,685.0,689.0
18000.0,16.63,Avian Realty,2 years,RENT,49400.0,Charged Off,wedding,IL,10.91,665.0,669.0
6500.0,9.63,American Energy,< 1 year,OTHER,31992.0,Fully Paid,educational,CO,3.75,740.0,744.0
5200.0,12.53,Protiviti,3 years,RENT,50500.0,Fully Paid,though,"that I can take control of my finances.  I will appreciate any assistance that is offered and will take the obligation very seriously.  Thank you!\"",debt_consolidation,IL,9.17
16000.0,12.21,Law Office,< 1 year,RENT,84000.0,Fully Paid,other,CA,17.8,735.0,739.0
4000.0,12.84,Kansas State University,6 years,RENT,18000.0,Fully Paid,other,KS,9.73,710.0,714.0
9000.0,12.84,BASF Chemical Company,2 years,RENT,77496.0,Fully Paid,major_purchase,LA,18.83,700.0,704.0
5000.0,13.47,CGI,< 1 year,RENT,54996.0,Fully Paid,other,VA,8.66,705.0,709.0
3500.0,12.21,Best Buy,9 years,RENT,51996.0,Charged Off,other,MI,15.07,705.0,709.0
8000.0,15.05,Crown-Kerasotes Show-ASI Security,10+ years,OTHER,27048.0,Fully Paid,debt_consolidation,IL,6.26,675.0,679.0
8000.0,13.47,Kent Denver School,1 year,RENT,45000.0,Fully Paid,debt_consolidation,CO,21.68,685.0,689.0
15000.0,14.42,Kingston City Schools Consolidated,9 years,MORTGAGE,72000.0,Fully Paid,debt_consolidation,NY,12.25,695.0,699.0
9000.0,9.63,Louisiana State University,4 years,MORTGAGE,65000.0,Fully Paid,debt_consolidation,LA,22.45,735.0,739.0
7000.0,12.53,MetLife Inc.,1 year,RENT,52000.0,Fully Paid,debt_consolidation,FL,19.45,705.0,709.0
20000.0,14.74,QMS,4 years,RENT,72000.0,Fully Paid,debt_consolidation,CA,10.43,685.0,689.0
20000.0,15.05,Kwajalein Range Services,4 years,MORTGAGE,65400.0,Fully Paid,home_improvement,CO,9.76,690.0,694.0
16000.0,11.89,Self-employed,2 years,RENT,75000.0,Charged Off,medical,CA,3.06,750.0,754.0
3000.0,14.11,Aetna,8 years,MORTGAGE,75000.0,Fully Paid,home_improvement,TX,21.01,670.0,674.0
12000.0,13.16,Paoli and Phoenixville Hospitals,5 years,MORTGAGE,58000.0,Fully Paid,debt_consolidation,PA,14.07,700.0,704.0
5000.0,12.84,usmc,10+ years,RENT,60000.0,Charged Off,small_business,GA,13.0,695.0,699.0
15000.0,16.0,General Motors,10+ years,MORTGAGE,50000.0,Fully Paid,debt_consolidation,NY,6.19,665.0,669.0
5000.0,14.42,Capstone Properties,< 1 year,RENT,24000.0,Fully Paid,major_purchase,FL,13.5,690.0,694.0
18000.0,16.63,Pinnacle West Capital / Arizona Public Service Company (APS),< 1 year,MORTGAGE,62200.0,Fully Paid,debt_consolidation,AZ,22.98,670.0,674.0
6950.0,9.32,RDMc Publishing,10+ years,MORTGAGE,30000.0,Fully Paid,small_business,TX,23.24,735.0,739.0
3000.0,13.16,The Hartford,6 years,RENT,42000.0,Fully Paid,vacation,FL,17.86,685.0,689.0
16000.0,12.84,Odyssey IS,< 1 year,MORTGAGE,100000.0,Fully Paid,debt_consolidation,TX,19.26,715.0,719.0
3650.0,9.63,Merrill Lynch,2 years,RENT,110000.0,Fully Paid,credit_card,NJ,15.75,715.0,719.0
12000.0,9.63,New Dream Network LLC,3 years,RENT,60000.0,Fully Paid,medical,CA,4.32,750.0,754.0
8725.0,9.32,self employed (Cate Design),10+ years,MORTGAGE,52000.0,Charged Off,small_business,AZ,16.59,755.0,759.0
5000.0,15.37,va dept of health,5 years,RENT,35000.0,Fully Paid,major_purchase,VA,11.67,670.0,674.0
12000.0,13.79,Pinnacle Data Systems,2 years,RENT,37008.0,Charged Off,debt_consolidation,AL,13.46,700.0,704.0
12000.0,12.21,Redford Union School District,3 years,MORTGAGE,47000.0,Fully Paid,small_business,MI,19.38,725.0,729.0
15000.0,14.42,kone,< 1 year,MORTGAGE,45996.0,Fully Paid,debt_consolidation,NJ,11.48,710.0,714.0
12000.0,12.21,kelly's restaurant,1 year,RENT,61000.0,Fully Paid,debt_consolidation,CA,17.7,760.0,764.0
14000.0,12.21,RNL Biostar  Inc,2 years,MORTGAGE,140000.0,Fully Paid,debt_consolidation,MD,0.32,745.0,749.0
3000.0,13.79,Team Ford,8 years,MORTGAGE,90000.0,Fully Paid,home_improvement,NV,17.63,680.0,684.0
7200.0,18.53,"Beyond Appraisal, Inc.",1 year,MORTGAGE,83000.0,Fully Paid,home_improvement,KS,4.41,670.0,674.0
14000.0,14.42,US Air Force,10+ years,RENT,69996.0,Fully Paid,debt_consolidation,MA,21.21,690.0,694.0
20000.0,12.53,,1 year,MORTGAGE,53500.0,Fully Paid,other,WA,10.56,745.0,749.0
15000.0,12.84,Jaffa Bakery Inc.,10+ years,RENT,45000.0,Fully Paid,debt_consolidation,IL,6.59,715.0,719.0
20000.0,17.26,FCX Systems,1 year,OWN,85000.0,Does not meet the credit policy. Status:Charged Off,small_business,WV,17.08,725.0,729.0
15000.0,12.84,The Computer Connection,< 1 year,MORTGAGE,90000.0,Does not meet the credit policy. Status:Fully Paid,small_business,WA,4.29,725.0,729.0
8000.0,19.16,Brand Energy Solutions,2 years,RENT,39224.0,Does not meet the credit policy. Status:Charged Off,small_business,TX,13.19,675.0,679.0
10000.0,15.68,AIU Holdings Inc,5 years,MORTGAGE,144000.0,Does not meet the credit policy. Status:Fully Paid,other,KS,1.26,690.0,694.0
7200.0,12.53,Vonage,< 1 year,MORTGAGE,50000.0,Does not meet the credit policy. Status:Fully Paid,small_business,NJ,0.6,715.0,719.0
2500.0,14.11,ZD Integrated Circuits  Inc.,3 years,MORTGAGE,28500.0,Does not meet the credit policy. Status:Fully Paid,car,FL,7.37,730.0,734.0
5000.0,19.47,Rite Aid,< 1 year,OWN,10000.0,Does not meet the credit policy. Status:Fully Paid,educational,CT,0.0,680.0,684.0
1500.0,17.26,social security,10+ years,RENT,14568.0,Does not meet the credit policy. Status:Fully Paid,other,OH,5.27,685.0,689.0
1750.0,20.11,Contracted Work,4 years,OWN,20000.0,Does not meet the credit policy. Status:Fully Paid,small_business,NJ,2.4,665.0,669.0
17000.0,13.47,US Army,10+ years,MORTGAGE,57688.0,Does not meet the credit policy. Status:Fully Paid,debt_consolidation,KY,22.32,715.0,719.0
10000.0,13.79,Computer Sciences Corporation,10+ years,MORTGAGE,68496.0,Does not meet the credit policy. Status:Fully Paid,car,NJ,13.82,705.0,709.0
24000.0,12.21,Hagemeister  Inc. Law Office,10+ years,MORTGAGE,200004.0,Does not meet the credit policy. Status:Charged Off,car,CA,17.97,720.0,724.0
14500.0,15.05,CVS,1 year,RENT,23788.0,Does not meet the credit policy. Status:Charged Off,debt_consolidation,NJ,5.75,695.0,699.0
6000.0,12.84,"Willis Insurance Services of California, Inc.",< 1 year,OTHER,85000.0,Does not meet the credit policy. Status:Fully Paid,home_improvement,CA,12.16,705.0,709.0
15000.0,17.9,brinks,10+ years,RENT,69000.0,Does not meet the credit policy. Status:Charged Off,debt_consolidation,NY,17.17,700.0,704.0
5000.0,14.11,US Army,3 years,OWN,22724.54,Does not meet the credit policy. Status:Charged Off,debt_consolidation,TX,22.76,715.0,719.0
15000.0,15.37,Doherty  and  Associates,1 year,MORTGAGE,84996.0,Does not meet the credit policy. Status:Fully Paid,credit_card,DE,4.04,700.0,704.0
2500.0,14.42,Step Forward Activities,1 year,RENT,19000.0,Does not meet the credit policy. Status:Fully Paid,debt_consolidation,OR,24.0,670.0,674.0
8000.0,15.68,BBH & Co.,1 year,RENT,89000.0,Does not meet the credit policy. Status:Fully Paid,house,NY,12.08,675.0,679.0
15000.0,17.9,Consulting Firm,< 1 year,RENT,95000.0,Does not meet the credit policy. Status:Fully Paid,debt_consolidation,PA,0.8,685.0,689.0
4750.0,17.58,Burger king,2 years,RENT,15000.0,Does not meet the credit policy. Status:Fully Paid,other,MI,11.68,705.0,709.0
1000.0,17.26,dominos pizza,< 1 year,RENT,20000.0,Does not meet the credit policy. Status:Fully Paid,moving,CA,3.0,680.0,684.0
2450.0,20.11,Target,< 1 year,OWN,11000.0,Does not meet the credit policy. Status:Fully Paid,major_purchase,MI,3.16,665.0,669.0
6000.0,15.68,Primary Payroll Services,5 years,OWN,50000.0,Does not meet the credit policy. Status:Fully Paid,vacation,CA,5.64,740.0,744.0
5000.0,16.63,McDonalds,2 years,RENT,19000.0,Does not meet the credit policy. Status:Charged Off,educational,OH,17.68,660.0,664.0
2400.0,14.11,Dayton Cincinnati Technology Services,2 years,MORTGAGE,52000.0,Does not meet the credit policy. Status:Fully Paid,credit_card,OH,11.28,675.0,679.0
8400.0,15.05,General Dynamics,1 year,RENT,75000.0,Does not meet the credit policy. Status:Fully Paid,debt_consolidation,VA,7.12,685.0,689.0
5000.0,16.0,Department of Homeland Security (DHS),6 years,MORTGAGE,100000.0,Does not meet the credit policy. Status:Fully Paid,major_purchase,TX,22.22,670.0,674.0
3500.0,13.47,Home Depot,1 year,RENT,15000.0,Does not meet the credit policy. Status:Charged Off,major_purchase,TX,17.28,725.0,729.0
9500.0,16.32,Missouri Army National Guard,10+ years,MORTGAGE,65004.0,Does not meet the credit policy. Status:Fully Paid,other,MO,9.43,710.0,714.0
2100.0,14.11,Ayhans Shish Kebab,6 years,OWN,22000.0,Does not meet the credit policy. Status:Fully Paid,major_purchase,NY,0.0,725.0,729.0
9500.0,16.63,Resort Nursing Home,4 years,OWN,68004.0,Does not meet the credit policy. Status:Fully Paid,other,NY,9.25,680.0,684.0
11100.0,13.47,"Olsen Construction Services, LLC",< 1 year,MORTGAGE,58000.0,Does not meet the credit policy. Status:Charged Off,small_business,MI,21.27,735.0,739.0
7200.0,12.21,MURPHY,6 years,RENT,29000.0,Does not meet the credit policy. Status:Fully Paid,credit_card,OH,15.77,720.0,724.0
8100.0,16.63,United States Military,10+ years,RENT,54996.0,Does not meet the credit policy. Status:Charged Off,debt_consolidation,TX,22.71,665.0,669.0
6000.0,15.68,Crozer Hospital,< 1 year,RENT,90000.0,Does not meet the credit policy. Status:Fully Paid,car,DE,8.28,665.0,669.0
7500.0,16.95,Kit Kat Club,< 1 year,RENT,39996.0,Does not meet the credit policy. Status:Fully Paid,major_purchase,CA,21.57,670.0,674.0
8875.0,13.79,Boeing Company,3 years,MORTGAGE,87500.0,Does not meet the credit policy. Status:Fully Paid,credit_card,WA,24.99,690.0,694.0
6000.0,17.9,Jani King,2 years,RENT,50000.0,Does not meet the credit policy. Status:Fully Paid,credit_card,MI,6.6,675.0,679.0
15000.0,12.84,LENS,< 1 year,RENT,40000.0,Does not meet the credit policy. Status:Fully Paid,educational,NY,22.71,715.0,719.0
6000.0,16.95,R and D Circuits,2 years,RENT,35000.0,Does not meet the credit policy. Status:Fully Paid,other,NJ,4.8,690.0,694.0
9000.0,15.05,Fairfield Residential,< 1 year,RENT,33996.0,Does not meet the credit policy. Status:Fully Paid,debt_consolidation,MA,16.45,680.0,684.0
16000.0,9.63,Kaiser Permanente,2 years,MORTGAGE,450000.0,Does not meet the credit policy. Status:Fully Paid,home_improvement,CA,9.66,775.0,779.0
7000.0,14.42,High Point Group,7 years,MORTGAGE,100000.0,Does not meet the credit policy. Status:Fully Paid,small_business,NY,3.18,730.0,734.0
10925.0,14.42,Greek Peak ski resort,1 year,RENT,42000.0,Does not meet the credit policy. Status:Fully Paid,debt_consolidation,NY,19.29,690.0,694.0
4000.0,14.11,Royal Caribbean Cruises ltd.,10+ years,RENT,50004.0,Does not meet the credit policy. Status:Fully Paid,debt_consolidation,GA,9.96,675.0,679.0
2800.0,16.63,Americredit,< 1 year,OWN,15000.0,Does not meet the credit policy. Status:Fully Paid,major_purchase,TX,16.48,665.0,669.0
20000.0,15.68,Rainbow Magic Car Wash Inc,2 years,MORTGAGE,144000.0,Does not meet the credit policy. Status:Fully Paid,debt_consolidation,NY,12.61,735.0,739.0
