7000.0,7.4,Massage Envy,1 year,RENT,46000.0,Fully Paid,other,CA,23.87,770.0,774.0
4500.0,12.53,TOWN FAIR TIRE INC,10+ years,RENT,60000.0,Charged Off,debt_consolidation,CT,1.12,685.0,689.0
3000.0,8.94,Floyd County Board of Education,7 years,MORTGAGE,54000.0,Fully Paid,home_improvement,GA,7.44,715.0,719.0
9500.0,12.53,"Phams Car Care Center, Inc.",9 years,MORTGAGE,60000.0,Fully Paid,credit_card,VA,5.42,700.0,704.0
4500.0,14.26,Department of Homeland Security (DHS),4 years,RENT,40000.0,Fully Paid,debt_consolidation,IL,2.34,685.0,689.0
2800.0,15.31,Jimmy John's,1 year,RENT,15000.0,Fully Paid,car,MN,6.8,665.0,669.0
1600.0,14.96,Equity Analysis & Strategy,< 1 year,RENT,60000.0,Fully Paid,debt_consolidation,NY,6.42,690.0,694.0
15000.0,12.18,,< 1 year,MORTGAGE,81000.0,Fully Paid,home_improvement,CT,13.1,765.0,769.0
4000.0,11.48,Wharton County Electric Cooperative,2 years,MORTGAGE,46000.0,Fully Paid,debt_consolidation,TX,22.93,715.0,719.0
10000.0,12.18,3M,9 years,MORTGAGE,72000.0,Fully Paid,credit_card,WI,13.82,710.0,714.0
9000.0,7.74,CPSI,7 years,RENT,55000.0,Fully Paid,debt_consolidation,AL,9.93,775.0,779.0
8500.0,12.53,Freddie Mac,2 years,RENT,60996.0,Fully Paid,debt_consolidation,VA,16.11,695.0,699.0
8000.0,11.14,Retired From Hoosier Energy,10+ years,MORTGAGE,52000.0,Fully Paid,debt_consolidation,IL,19.06,760.0,764.0
13000.0,8.59,Digital Arts and Technology Academy,4 years,MORTGAGE,46800.0,Fully Paid,debt_consolidation,NM,2.87,780.0,784.0
16000.0,8.94,USAF,6 years,RENT,75996.0,Fully Paid,credit_card,NY,6.79,770.0,774.0
2800.0,13.57,US Air Force,10+ years,MORTGAGE,66120.0,Fully Paid,debt_consolidation,KS,11.16,670.0,674.0
1800.0,7.74,rons food farm,10+ years,MORTGAGE,27204.0,Fully Paid,other,WY,1.46,785.0,789.0
5950.0,7.74,Indus Corporation,< 1 year,MORTGAGE,45000.0,Fully Paid,car,MD,11.39,790.0,794.0
4000.0,7.74,KIMLEY-HORN AND ASSOCIATES  INC.,5 years,RENT,69360.0,Fully Paid,major_purchase,CA,10.83,760.0,764.0
18550.0,11.83,The Stop & Shop Supermarket Co. LLC,4 years,RENT,43000.0,Fully Paid,debt_consolidation,MA,5.86,730.0,734.0
10000.0,14.96,Network Equipment Technologies,10+ years,RENT,165000.0,Fully Paid,debt_consolidation,CA,10.33,720.0,724.0
17000.0,11.14,"One Limousine Group LLC, Oopsie Daisy Floral",7 years,MORTGAGE,76000.0,Charged Off,debt_consolidation,AZ,6.65,760.0,764.0
13000.0,11.14,Ace USA Inc.,2 years,MORTGAGE,59000.0,Fully Paid,debt_consolidation,NJ,18.63,740.0,744.0
12000.0,8.59,Disys Corporation,< 1 year,MORTGAGE,130000.0,Fully Paid,home_improvement,IL,6.61,770.0,774.0
10000.0,8.94,PPL Corporation,4 years,MORTGAGE,75000.0,Fully Paid,debt_consolidation,PA,12.64,735.0,739.0
8000.0,12.53,MERRILL LYNCH,3 years,MORTGAGE,48000.0,Fully Paid,home_improvement,FL,4.97,770.0,774.0
7000.0,12.87,GNYDM,5 years,OWN,65004.0,Fully Paid,debt_consolidation,NJ,9.12,685.0,689.0
5000.0,7.74,Southern California Edison,< 1 year,RENT,78300.0,Fully Paid,debt_consolidation,CA,9.27,745.0,749.0
8000.0,15.31,Progressive Insurance,3 years,MORTGAGE,51000.0,Fully Paid,wedding,NJ,16.52,660.0,664.0
6000.0,11.14,Fedex Trade Networks,6 years,MORTGAGE,140300.0,Fully Paid,credit_card,NY,17.3,715.0,719.0
6000.0,17.04,USMC,1 year,RENT,28800.0,Fully Paid,other,CA,12.42,660.0,664.0
17500.0,11.48,Dow Chemical,4 years,MORTGAGE,66000.0,Fully Paid,debt_consolidation,MI,11.71,735.0,739.0
8000.0,13.92,Delta Systems Inc,2 years,RENT,74000.0,Fully Paid,debt_consolidation,OH,4.2,675.0,679.0
17000.0,11.48,Woodside Priory School,10+ years,RENT,96000.0,Fully Paid,debt_consolidation,CA,23.18,740.0,744.0
8200.0,17.04,Vernal City Police Department,4 years,MORTGAGE,72000.0,Fully Paid,debt_consolidation,UT,15.87,680.0,684.0
4750.0,13.57,Keller Williams Realty,< 1 year,MORTGAGE,25000.0,Fully Paid,small_business,WA,5.09,785.0,789.0
4500.0,12.87,Corrections Corporation of America,8 years,OTHER,140004.0,Fully Paid,medical,GA,18.99,680.0,684.0
6000.0,8.94,Baltimore Gas & Electric,10+ years,MORTGAGE,60000.0,Fully Paid,other,MD,1.16,730.0,734.0
8600.0,8.59,UCSF,< 1 year,RENT,95000.0,Fully Paid,credit_card,CA,16.16,750.0,754.0
5000.0,18.43,24 Hour Fitness,< 1 year,RENT,20000.0,Fully Paid,small_business,TX,10.32,695.0,699.0
6400.0,8.59,Federal Home Loan Bank of Pittsburgh,1 year,MORTGAGE,45900.0,Fully Paid,credit_card,PA,15.24,745.0,749.0
11000.0,12.18,Hulsey Financial Services,10+ years,RENT,120000.0,Fully Paid,other,OK,9.38,705.0,709.0
2100.0,11.48,City of Irving,< 1 year,RENT,45000.0,Fully Paid,other,TX,18.24,715.0,719.0
16500.0,12.18,Hammmersmith Builders,8 years,OWN,75000.0,Fully Paid,credit_card,MA,16.06,715.0,719.0
5000.0,16.35,a1 testing,3 years,RENT,37992.0,Fully Paid,credit_card,NY,5.18,670.0,674.0
15000.0,8.94,U.S. Department of Education,10+ years,MORTGAGE,113004.0,Fully Paid,debt_consolidation,VA,6.24,790.0,794.0
2800.0,12.18,Palms Casino Resort,7 years,MORTGAGE,95000.0,Charged Off,debt_consolidation,NV,16.96,695.0,699.0
10000.0,8.59,Freedom Financial,4 years,RENT,60000.0,Fully Paid,"win-win all around.  Thanks for you time and consideration. \"",941xx,CA,Jun-2000,765.0
8000.0,11.83,SoBran  Inc,7 years,OWN,75996.0,Fully Paid,home_improvement,MD,8.98,730.0,734.0
3500.0,12.18,ExxonMobil Corporation,10+ years,OWN,119500.0,Fully Paid,debt_consolidation,TX,13.42,690.0,694.0
10000.0,8.59,City of Farmington,2 years,MORTGAGE,52000.0,Fully Paid,house,NM,14.35,750.0,754.0
10000.0,8.94,Southlake Baptist Church,< 1 year,RENT,30000.0,Charged Off,debt_consolidation,TX,5.6,735.0,739.0
5600.0,8.59,ChoiceShirts,5 years,MORTGAGE,39000.0,Fully Paid,credit_card,NJ,8.34,735.0,739.0
15000.0,11.48,PCI,1 year,RENT,72500.0,Charged Off,credit_card,CA,23.9,735.0,739.0
12000.0,11.48,"CCT, PSI, and others",3 years,MORTGAGE,50000.0,Fully Paid,home_improvement,FL,12.41,755.0,759.0
6000.0,13.92,Social Security Administration,7 years,MORTGAGE,96000.0,Fully Paid,home_improvement,PA,7.0,680.0,684.0
8400.0,12.18,FirstCaribbean International Bank owned by CIBC,10+ years,MORTGAGE,38268.0,Fully Paid,car,FL,14.05,705.0,709.0
5000.0,7.74,Quest Software,< 1 year,RENT,100000.0,Fully Paid,medical,VA,10.24,750.0,754.0
20000.0,11.83,Goodwin Procter LLP,3 years,RENT,172500.0,Fully Paid,credit_card,MA,13.22,745.0,749.0
7000.0,7.74,BP Corporation North America,1 year,MORTGAGE,79000.0,Fully Paid,car,OH,3.17,780.0,784.0
18000.0,12.18,Gap Inc,4 years,RENT,110000.0,Fully Paid,debt_consolidation,CA,8.23,720.0,724.0
3500.0,12.87,Student,< 1 year,RENT,37000.0,Fully Paid,other,TX,9.79,680.0,684.0
1925.0,12.18,Vibe Teacher Recruitment,< 1 year,RENT,30000.0,Fully Paid,educational,SC,8.36,710.0,714.0
5175.0,12.18,publix supermarkets,3 years,RENT,15000.0,Charged Off,debt_consolidation,FL,13.12,705.0,709.0
16000.0,11.14,Wells Fargo,2 years,RENT,77000.0,Fully Paid,debt_consolidation,CA,5.84,755.0,759.0
20000.0,12.53,Citigroup Inc.,3 years,RENT,85000.0,Charged Off,debt_consolidation,NJ,24.56,715.0,719.0
3000.0,13.57,HUNTINGTON COACH,7 years,RENT,40000.0,Fully Paid,medical,NY,22.98,670.0,674.0
10000.0,11.14,Santa Barbara Bank  and  Trust,3 years,RENT,30000.0,Charged Off,debt_consolidation,CA,12.92,725.0,729.0
2400.0,17.04,CR Fletcher,1 year,MORTGAGE,77004.0,Fully Paid,small_business,NY,7.46,665.0,669.0
8000.0,11.48,ny presbyterian hospital,10+ years,RENT,36000.0,Fully Paid,debt_consolidation,NY,2.9,725.0,729.0
2500.0,7.4,Montgomery Independent School District,3 years,OTHER,186000.0,Fully Paid,major_purchase,TX,4.06,755.0,759.0
15850.0,11.48,Lolita Restaurant,< 1 year,RENT,36000.0,Fully Paid,debt_consolidation,CT,22.47,735.0,739.0
8000.0,18.09,Sound Medical,2 years,RENT,44760.0,Fully Paid,other,NY,13.81,675.0,679.0
15000.0,12.18,Larry Baumwald Insurance Agency Inc.,5 years,RENT,49000.0,Fully Paid,credit_card,GA,16.97,720.0,724.0
15000.0,11.14,General Motors,7 years,RENT,75000.0,Fully Paid,debt_consolidation,MI,8.05,765.0,769.0
10000.0,14.96,citizens financial group,< 1 year,OWN,33996.0,Fully Paid,home_improvement,OH,17.08,670.0,674.0
11000.0,8.94,MUSTANG ENGINEERING,< 1 year,MORTGAGE,135000.0,Fully Paid,credit_card,TX,13.79,760.0,764.0
1800.0,12.18,Fulton County Government,8 years,MORTGAGE,76992.0,Fully Paid,major_purchase,GA,5.3,690.0,694.0
13750.0,13.57,Bombardier Flexjet,< 1 year,MORTGAGE,160000.0,Fully Paid,debt_consolidation,CA,9.43,690.0,694.0
15000.0,8.94,,< 1 year,MORTGAGE,110000.0,Fully Paid,credit_card,NY,7.07,795.0,799.0
5000.0,12.18,AmerisourceBergen Corp.,4 years,RENT,53500.0,Fully Paid,debt_consolidation,IL,10.5,690.0,694.0
18000.0,8.94,Kaiser Permenete,10+ years,MORTGAGE,80000.0,Charged Off,home_improvement,CA,5.37,775.0,779.0
12500.0,12.87,Pricewaterhouse Coopers,< 1 year,RENT,54996.0,Fully Paid,credit_card,NY,17.61,700.0,704.0
10000.0,13.57,APHF,8 years,MORTGAGE,122000.0,Fully Paid,home_improvement,IL,8.38,680.0,684.0
9000.0,11.83,Insight Global,< 1 year,RENT,52000.0,Fully Paid,debt_consolidation,CA,20.49,710.0,714.0
6000.0,13.22,Clark County Nevada,2 years,RENT,59363.0,Fully Paid,credit_card,NV,14.47,680.0,684.0
14000.0,11.48,Cedar Pharmacy,4 years,MORTGAGE,109000.0,Charged Off,educational,NV,21.29,725.0,729.0
6000.0,7.74,Epic,4 years,MORTGAGE,80500.0,Fully Paid,home_improvement,WI,15.69,750.0,754.0
11300.0,13.22,AM Skier,8 years,RENT,41892.0,Fully Paid,debt_consolidation,NY,19.05,705.0,709.0
6000.0,12.87,State of California,8 years,RENT,29004.0,Fully Paid,credit_card,CA,10.51,705.0,709.0
6350.0,13.57,Self,2 years,OWN,18000.0,Fully Paid,debt_consolidation,WI,21.53,725.0,729.0
16000.0,13.92,City of Reno,2 years,MORTGAGE,77004.0,Fully Paid,debt_consolidation,NV,15.83,685.0,689.0
10000.0,11.14,American Museum of Natural History,9 years,RENT,45000.0,Fully Paid,credit_card,NY,22.13,730.0,734.0
9000.0,14.26,Roth Building Company,< 1 year,RENT,45000.0,Fully Paid,debt_consolidation,NJ,22.91,680.0,684.0
19000.0,11.83,,< 1 year,MORTGAGE,200004.0,Fully Paid,debt_consolidation,FL,10.93,740.0,744.0
5500.0,12.18,Loudoun County Public Schools,6 years,MORTGAGE,97000.0,Fully Paid,educational,MD,14.75,695.0,699.0
17000.0,12.18,Ga Dept of Revenue,10+ years,MORTGAGE,63504.0,Charged Off,debt_consolidation,GA,15.8,715.0,719.0
8000.0,15.65,NCI Inc.,< 1 year,MORTGAGE,60000.0,Fully Paid,home_improvement,MI,16.72,715.0,719.0
3200.0,13.92,Garvey School District,10+ years,RENT,72000.0,Fully Paid,other,CA,2.2,675.0,679.0
8000.0,14.26,Self employed,5 years,RENT,30000.0,Fully Paid,debt_consolidation,CA,14.16,675.0,679.0
20000.0,11.83,Marriott International  Inc.,10+ years,MORTGAGE,80000.0,Fully Paid,debt_consolidation,VA,9.11,740.0,744.0
15000.0,16.35,ISO New England Inc,6 years,RENT,70000.0,Fully Paid,debt_consolidation,MA,16.66,660.0,664.0
15000.0,11.48,GRAVES CONSTRUCTION/COASTAL ABSENTEE SERVICES,4 years,MORTGAGE,75000.0,Fully Paid,debt_consolidation,SC,10.1,740.0,744.0
6000.0,12.87,Oxnard Auto Brokers,2 years,RENT,52000.0,Fully Paid,credit_card,CA,6.3,680.0,684.0
14550.0,11.83,"Smooth-On, INC",1 year,MORTGAGE,45000.0,Fully Paid,debt_consolidation,PA,14.56,715.0,719.0
3000.0,11.14,Aflac,< 1 year,RENT,27000.0,Fully Paid,debt_consolidation,NJ,17.29,715.0,719.0
6000.0,14.61,,< 1 year,MORTGAGE,38652.0,Charged Off,small_business,MO,12.76,765.0,769.0
5000.0,14.26,University of Maryland,9 years,MORTGAGE,55640.62,Fully Paid,debt_consolidation,MD,8.17,665.0,669.0
15000.0,11.48,David Lerner Associates,1 year,OWN,40000.0,Fully Paid,debt_consolidation,NY,10.32,735.0,739.0
20000.0,14.26,GBH CPAs,1 year,MORTGAGE,70000.0,Fully Paid,credit_card,TX,13.68,685.0,689.0
5000.0,12.53,IBM,2 years,MORTGAGE,39600.0,Fully Paid,debt_consolidation,NM,2.97,690.0,694.0
11700.0,13.57,Black Hills Federal Credit Union,2 years,MORTGAGE,55600.0,Fully Paid,debt_consolidation,SD,22.66,685.0,689.0
17500.0,8.94,"Rabar Market Research, Inc.",10+ years,MORTGAGE,130000.0,Fully Paid,wedding,NY,9.81,775.0,779.0
18000.0,17.04,Coosa Country Club,< 1 year,RENT,86000.0,Fully Paid,debt_consolidation,GA,6.81,675.0,679.0
4000.0,8.59,Randall County Texas,2 years,MORTGAGE,63000.0,Fully Paid,other,TX,16.97,740.0,744.0
5000.0,14.26,national grid,10+ years,RENT,66920.16,Fully Paid,major_purchase,NY,12.48,685.0,689.0
5000.0,11.48,Capital One Bank,1 year,OWN,22896.0,Fully Paid,debt_consolidation,LA,8.54,730.0,734.0
11000.0,8.94,,2 years,MORTGAGE,50000.0,Fully Paid,credit_card,KY,23.18,730.0,734.0
20000.0,11.48,NBC,< 1 year,RENT,277104.0,Fully Paid,debt_consolidation,NY,0.22,775.0,779.0
20000.0,17.74,Wachovia Corp.,2 years,MORTGAGE,73400.0,Charged Off,debt_consolidation,CT,14.06,700.0,704.0
10000.0,13.57,STOLL AMERICA,10+ years,RENT,60000.0,Fully Paid,debt_consolidation,NY,7.3,700.0,704.0
6200.0,19.82,Securitas Security,1 year,RENT,19200.0,Charged Off,small_business,FL,0.0,665.0,669.0
12000.0,8.94,Glow Networks,4 years,RENT,57000.0,Fully Paid,credit_card,TX,18.99,750.0,754.0
12500.0,8.94,Self employeed,10+ years,MORTGAGE,55000.0,Fully Paid,credit_card,LA,17.15,755.0,759.0
6000.0,13.92,Tetra Tech Inc.,2 years,MORTGAGE,62000.0,Fully Paid,debt_consolidation,VA,14.05,675.0,679.0
20000.0,11.14,St Francis Hospital and Medical Center,10+ years,MORTGAGE,110000.0,Fully Paid,debt_consolidation,CT,21.69,770.0,774.0
2500.0,12.53,Cirque du Soleil,3 years,RENT,69996.0,Fully Paid,major_purchase,NV,10.68,700.0,704.0
11000.0,8.94,EPIC Aviation  LLC,6 years,MORTGAGE,52704.0,Fully Paid,debt_consolidation,OR,8.95,740.0,744.0
3000.0,14.26,,3 years,MORTGAGE,80800.0,Fully Paid,credit_card,TX,14.97,665.0,669.0
14900.0,11.83,J & W,4 years,RENT,55000.0,Fully Paid,car,CA,9.51,740.0,744.0
15000.0,12.18,University of Pennsylvania,10+ years,OWN,84000.0,Fully Paid,debt_consolidation,PA,24.66,720.0,724.0
19200.0,11.48,University of South Florida,5 years,MORTGAGE,61000.0,Fully Paid,credit_card,FL,17.35,760.0,764.0
4500.0,12.18,"GOOD, Inc",< 1 year,RENT,74000.0,Fully Paid,moving,NY,1.49,705.0,709.0
17000.0,12.87,Saginaw VA Medical Center,3 years,MORTGAGE,101004.0,Fully Paid,debt_consolidation,MI,17.22,710.0,714.0
13000.0,13.57,UNISYS,9 years,MORTGAGE,112000.0,Fully Paid,credit_card,MD,15.01,700.0,704.0
9000.0,15.31,Self-Employeed,8 years,OWN,44000.0,Charged Off,debt_consolidation,TX,6.14,660.0,664.0
12800.0,11.48,Union Memorial Hospital,4 years,RENT,56004.0,Fully Paid,debt_consolidation,MD,13.33,720.0,724.0
8000.0,13.92,CVT,6 years,RENT,86004.0,Fully Paid,vacation,CA,22.55,675.0,679.0
8000.0,7.74,Cypress-Fairbanks ISD,9 years,MORTGAGE,102996.0,Fully Paid,car,TX,15.47,800.0,804.0
2800.0,14.26,waltz engineering,4 years,MORTGAGE,25000.0,Fully Paid,credit_card,OH,18.29,665.0,669.0
11000.0,8.94,State Street Corporation,7 years,MORTGAGE,59000.0,Fully Paid,debt_consolidation,MO,16.7,800.0,804.0
5000.0,20.17,R.E.B.B.TRUCKING,4 years,RENT,50000.0,Charged Off,small_business,FL,6.0,670.0,674.0
9000.0,11.83,Boykin Transport,4 years,RENT,57996.0,Fully Paid,car,MD,0.48,715.0,719.0
3000.0,7.05,Orange County Public Schools,5 years,RENT,38000.0,Fully Paid,credit_card,FL,16.8,770.0,774.0
4800.0,12.18,Bakersfield City Schools,10+ years,RENT,64744.0,Fully Paid,medical,CA,12.07,695.0,699.0
14000.0,8.94,Washington State Ferries,10+ years,MORTGAGE,52000.0,Fully Paid,credit_card,WA,10.89,760.0,764.0
7500.0,11.14,US Government,10+ years,RENT,178008.0,Fully Paid,other,CT,11.33,725.0,729.0
3500.0,8.59,College of Saint Benedict,< 1 year,MORTGAGE,32500.0,Fully Paid,educational,MN,7.83,735.0,739.0
3500.0,7.74,"Granite City Window Cleaning, Inc.",9 years,MORTGAGE,31200.0,Fully Paid,moving,MN,5.73,765.0,769.0
8000.0,12.53,Tiffany & Company UK,3 years,RENT,30000.0,Fully Paid,debt_consolidation,NJ,9.8,700.0,704.0
11000.0,11.14,Cintas Corp,1 year,RENT,46992.0,Fully Paid,debt_consolidation,WV,10.39,720.0,724.0
6600.0,12.53,CITY OF LOS ANGELES,9 years,RENT,89532.0,Fully Paid,debt_consolidation,CA,20.2,695.0,699.0
13000.0,11.14,Canterburytrails Equestrian Ctr,10+ years,RENT,36000.0,Fully Paid,TransUnion: 684,I have never owned a phone with them and have told them that several times.  I did not know this was on my credit report until last week.  I have had Sprint or Verizon for the last 10 years,"their claim is from 2007.\"",308xx,GA
7000.0,12.87,TEK Systems,< 1 year,MORTGAGE,107000.0,Fully Paid,other,FL,18.09,685.0,689.0
10000.0,11.83,Iron Mountain,9 years,RENT,35004.0,Charged Off,debt_consolidation,CA,24.13,715.0,719.0
4800.0,11.14,city of miami beach,5 years,RENT,20000.0,Fully Paid,car,FL,3.12,735.0,739.0
9600.0,12.53,International Checkout,2 years,RENT,41400.0,Fully Paid,debt_consolidation,CA,16.72,700.0,704.0
14000.0,8.94,Kendall - Jackson Winery,6 years,MORTGAGE,60000.0,Fully Paid,wedding,CA,20.82,755.0,759.0
9000.0,15.65,NY Garage Doors Inc.,< 1 year,RENT,36000.0,Fully Paid,small_business,NY,4.43,730.0,734.0
13000.0,16.0,Ed Voyles Honda,4 years,MORTGAGE,91000.0,Fully Paid,debt_consolidation,GA,23.89,660.0,664.0
13950.0,11.14,State of Ohio,< 1 year,MORTGAGE,70092.0,Fully Paid,credit_card,OH,10.96,730.0,734.0
4000.0,7.4,State of Florida also on Social Security Retirement,10+ years,RENT,28000.0,Fully Paid,major_purchase,FL,1.89,795.0,799.0
16800.0,13.92,New York Life Insurance,8 years,MORTGAGE,225000.0,Fully Paid,credit_card,NJ,24.06,700.0,704.0
14300.0,15.31,MBM-TRANS Corp,4 years,MORTGAGE,68500.0,Fully Paid,debt_consolidation,IL,13.7,675.0,679.0
20000.0,17.04,ALL Entertainment Management,2 years,MORTGAGE,68000.0,Charged Off,small_business,NV,8.4,745.0,749.0
16000.0,13.92,US NAVY,9 years,RENT,110000.0,Fully Paid,debt_consolidation,AR,15.36,685.0,689.0
8000.0,14.96,builders works,2 years,RENT,42000.0,Charged Off,major_purchase,PA,4.46,670.0,674.0
10000.0,13.57,Holloman Engineering,4 years,MORTGAGE,100000.0,Fully Paid,home_improvement,TX,3.35,700.0,704.0
3500.0,12.53,Bering Omega,< 1 year,RENT,45000.0,Fully Paid,debt_consolidation,TX,23.12,690.0,694.0
20000.0,13.57,University of New Mexico hospital,1 year,RENT,42000.0,Fully Paid,major_purchase,NM,11.91,720.0,724.0
15250.0,12.53,US FoodServices,2 years,MORTGAGE,52000.0,Charged Off,home_improvement,VA,10.96,720.0,724.0
20000.0,11.48,HMFP at BIDMC,5 years,MORTGAGE,200000.0,Fully Paid,home_improvement,MA,4.24,810.0,814.0
7000.0,12.87,Cafe Select,< 1 year,RENT,25000.0,Fully Paid,debt_consolidation,NY,9.79,690.0,694.0
12000.0,8.94,Boscov's Department Stores,10+ years,MORTGAGE,60500.0,Fully Paid,credit_card,PA,7.78,760.0,764.0
2000.0,8.59,Macy's,2 years,RENT,20004.0,Charged Off,car,FL,8.7,745.0,749.0
12000.0,11.14,The Music People,3 years,MORTGAGE,91000.0,Fully Paid,home_improvement,CT,14.36,735.0,739.0
14000.0,12.18,Morgan Stanley Smith Barney,1 year,MORTGAGE,225000.0,Fully Paid,major_purchase,AZ,16.65,715.0,719.0
20000.0,19.13,Colusa Unified School District,10+ years,MORTGAGE,63000.0,Fully Paid,debt_consolidation,CA,8.86,675.0,679.0
10000.0,13.57,Fidelity National Financial,9 years,MORTGAGE,47000.0,Charged Off,home_improvement,SC,6.05,710.0,714.0
4200.0,13.57,"TeleTech Holdings, Inc.",3 years,RENT,31200.0,Fully Paid,debt_consolidation,MO,17.77,675.0,679.0
12125.0,8.94,WorleyParsons,9 years,RENT,42000.0,Fully Paid,debt_consolidation,PA,22.11,745.0,749.0
14575.0,8.59,SBA Network Services,2 years,RENT,38800.0,Fully Paid,debt_consolidation,FL,24.71,770.0,774.0
15000.0,13.92,Ohio State University Medical Center,5 years,MORTGAGE,70000.0,Fully Paid,debt_consolidation,OH,22.34,680.0,684.0
20000.0,17.04,CIGNA,5 years,MORTGAGE,162000.0,Fully Paid,debt_consolidation,IL,14.04,675.0,679.0
15000.0,14.96,Abt Electronics,10+ years,RENT,90000.0,Fully Paid,debt_consolidation,IL,24.99,685.0,689.0
8000.0,11.14,Baxter International Inc.,8 years,MORTGAGE,125000.0,Fully Paid,debt_consolidation,NM,13.61,720.0,724.0
8000.0,8.59,Union Electronics Distributors,2 years,RENT,23400.0,Fully Paid,000 at 14.99%! Just below my lowest credit card APR at the time. It was disapointing to me because I have such a good credit score. Either way I have paid a little more than the min every month on time,Discover Payoff,609xx,0.0,Sep-2002
12875.0,12.53,American General,3 years,RENT,37760.0,Charged Off,educational,CA,24.27,710.0,714.0
2000.0,7.05,Rockwell Automation Inc.,10+ years,RENT,45000.0,Fully Paid,moving,CA,3.68,775.0,779.0
20000.0,12.18,Federal Bureau of Investigation (FBI),6 years,RENT,50866.0,Fully Paid,debt_consolidation,FL,22.88,730.0,734.0
9500.0,13.57,ML Leddy's Boots,5 years,RENT,32000.0,Fully Paid,medical,TX,0.56,790.0,794.0
15000.0,11.14,gristedes-nador,7 years,RENT,54996.0,Fully Paid,debt_consolidation,NY,12.18,765.0,769.0
20000.0,12.53,Best Buy Co Inc,1 year,RENT,35364.0,Fully Paid,debt_consolidation,NJ,16.97,725.0,729.0
16500.0,8.94,Department of Transportation (DOT) - FAA,10+ years,MORTGAGE,107900.0,Fully Paid,other,PA,3.16,800.0,804.0
10000.0,13.22,ELECTRIC SUPPLY CONNECTION,7 years,OTHER,44160.0,Fully Paid,debt_consolidation,CA,19.32,690.0,694.0
10000.0,8.59,RETIRED NYPD,< 1 year,MORTGAGE,51852.0,Fully Paid,vacation,FL,8.52,810.0,814.0
9000.0,15.65,All Taxi Management Inc.,< 1 year,RENT,60000.0,Charged Off,debt_consolidation,NY,15.42,660.0,664.0
16000.0,12.87,Verizon Communications,10+ years,MORTGAGE,65000.0,Fully Paid,debt_consolidation,FL,11.52,725.0,729.0
11200.0,13.92,Michael's Hess,5 years,MORTGAGE,33280.0,Charged Off,home_improvement,CT,18.07,680.0,684.0
5000.0,7.74,Ray Jordan  PC,< 1 year,RENT,39516.0,Fully Paid,moving,OR,5.62,745.0,749.0
1400.0,14.26,battery systems inc.,9 years,MORTGAGE,40000.0,Fully Paid,debt_consolidation,CA,13.83,660.0,664.0
8125.0,8.59,"Allegan County, MI",< 1 year,MORTGAGE,33000.0,Fully Paid,debt_consolidation,MI,16.36,750.0,754.0
10300.0,8.94,WV Division of Rehabilitation,< 1 year,RENT,29856.0,Charged Off,debt_consolidation,WV,19.29,745.0,749.0
6000.0,14.96,cemex,10+ years,MORTGAGE,40000.0,Charged Off,major_purchase,TX,8.49,660.0,664.0
6000.0,11.48,First Trust and Savings Bank,3 years,MORTGAGE,75000.0,Fully Paid,medical,IL,12.66,725.0,729.0
4500.0,8.94,Self-Employed,10+ years,RENT,18200.0,Fully Paid,educational,FL,6.29,790.0,794.0
20000.0,12.18,Aker Solutions,10+ years,MORTGAGE,106226.0,Fully Paid,debt_consolidation,KY,13.84,730.0,734.0
1800.0,8.94,Fidelity Investments,< 1 year,RENT,37500.0,Fully Paid,educational,FL,21.54,740.0,744.0
5000.0,13.57,Department of Veterans Affairs (VA),2 years,MORTGAGE,62000.0,Fully Paid,debt_consolidation,IL,17.79,705.0,709.0
6000.0,13.22,Fox 5 San Diego (KSWB TV),< 1 year,MORTGAGE,30000.0,Fully Paid,credit_card,CA,5.2,680.0,684.0
20000.0,15.65,California Time Express,8 years,RENT,97200.0,Charged Off,small_business,CA,3.6,720.0,724.0
8000.0,8.59,Mimis Cafe,1 year,OWN,25000.0,Fully Paid,low Rate. Tired of Writing / E paying,Break  The Rates,344xx,0.0,May-1991
6000.0,11.83,Continental Mortgage,5 years,MORTGAGE,60000.0,Fully Paid,credit_card,FL,15.5,700.0,704.0
8000.0,12.87,Gordon Properties,5 years,RENT,30000.0,Fully Paid,debt_consolidation,CA,9.52,690.0,694.0
9000.0,15.31,Highland Theatres,10+ years,RENT,83200.0,Fully Paid,small_business,CA,3.45,740.0,744.0
12000.0,12.53,JP Morgan Chase,8 years,RENT,174000.0,Fully Paid,educational,NY,6.33,715.0,719.0
12000.0,12.53,"HFF, LP",2 years,MORTGAGE,141000.0,Fully Paid,credit_card,MA,5.59,700.0,704.0
12000.0,11.14,World Wide Stereo,8 years,MORTGAGE,76080.0,Fully Paid,debt_consolidation,PA,15.06,740.0,744.0
1450.0,12.87,Brown Bear Car Wash,< 1 year,RENT,17000.0,Fully Paid,educational,WA,7.41,690.0,694.0
20000.0,12.53,Schirmer Engineering an Aon Global company,9 years,RENT,172800.0,Fully Paid,debt_consolidation,CA,6.45,720.0,724.0
6500.0,7.4,AKSHAR GROUP,10+ years,OWN,18000.0,Fully Paid,debt_consolidation,WV,14.13,770.0,774.0
18000.0,18.78,Astir IT Solutions Inc,3 years,RENT,80000.0,Fully Paid,wedding,VA,15.6,670.0,674.0
5000.0,8.94,General Dynamics Electric Boat,6 years,RENT,54996.0,Fully Paid,wedding,CT,20.14,725.0,729.0
14075.0,11.14,casale autobody,1 year,RENT,24000.0,Fully Paid,debt_consolidation,CT,13.15,750.0,754.0
5000.0,12.53,lululemon athletica,2 years,RENT,40000.0,Fully Paid,educational,MA,10.56,690.0,694.0
5000.0,7.74,City Year,5 years,OWN,41000.0,Fully Paid,home_improvement,PA,17.68,750.0,754.0
5000.0,7.74,WellPoint Inc.,< 1 year,MORTGAGE,30300.0,Fully Paid,debt_consolidation,OH,12.91,750.0,754.0
18000.0,17.04,Medical Center of Plano,6 years,MORTGAGE,117996.0,Fully Paid,debt_consolidation,TX,17.74,670.0,674.0
15850.0,15.65,Yahoo Inc.,5 years,OWN,55000.0,Charged Off,debt_consolidation,CA,22.84,670.0,674.0
15000.0,15.31,Best Buy Co. Inc.,6 years,MORTGAGE,60000.0,Fully Paid,debt_consolidation,LA,21.36,675.0,679.0
11500.0,8.59,Mel Foster,2 years,MORTGAGE,30000.0,Fully Paid,home_improvement,IL,1.8,790.0,794.0
11600.0,8.94,Asplundh Local 351 electrical union,2 years,MORTGAGE,46560.0,Fully Paid,debt_consolidation,NJ,12.35,750.0,754.0
20000.0,14.61,manhattan beer distributors,4 years,RENT,63000.0,Fully Paid,debt_consolidation,NY,14.72,685.0,689.0
8725.0,12.18,Panera Bread LLC.,5 years,RENT,29004.0,Fully Paid,debt_consolidation,OH,20.31,700.0,704.0
10000.0,14.26,MySpace,1 year,RENT,130000.0,Fully Paid,credit_card,CA,7.5,675.0,679.0
13000.0,8.94,EGS Electrical Group,1 year,MORTGAGE,130000.0,Fully Paid,moving,IL,0.05,800.0,804.0
20000.0,16.7,American Maritime Officers Plans,2 years,MORTGAGE,78000.0,Charged Off,home_improvement,FL,24.6,675.0,679.0
18000.0,13.57,Citadel Media,1 year,MORTGAGE,75000.0,Fully Paid,educational,NY,2.85,690.0,694.0
7500.0,15.65,city of dania beach,2 years,RENT,33000.0,Fully Paid,medical,FL,11.93,670.0,674.0
6000.0,12.53,eshelman transportation,2 years,RENT,35000.0,Fully Paid,credit_card,PA,23.07,685.0,689.0
20000.0,13.92,NAI,4 years,MORTGAGE,225000.0,Fully Paid,credit_card,IL,11.37,695.0,699.0
12000.0,15.65,Self Employed,3 years,OTHER,65000.0,Charged Off,small_business,CO,11.94,710.0,714.0
2375.0,11.83,Team Health Midwest,3 years,RENT,60000.0,Fully Paid,credit_card,OH,16.48,695.0,699.0
20000.0,14.61,American Association for Clinical Chemistry,4 years,RENT,51996.0,Fully Paid,debt_consolidation,VA,14.84,680.0,684.0
20000.0,17.74,Real Estate Associates,10+ years,MORTGAGE,82000.0,Charged Off,debt_consolidation,FL,2.87,675.0,679.0
14200.0,11.48,Peabody Energy,10+ years,MORTGAGE,78000.0,Fully Paid,debt_consolidation,MO,23.17,725.0,729.0
3000.0,8.94,Finish Line,< 1 year,MORTGAGE,22800.0,Fully Paid,other,PA,0.79,725.0,729.0
6000.0,14.96,Bluetep Marketing Inc,2 years,RENT,85000.0,Fully Paid,small_business,TX,11.55,760.0,764.0
9000.0,8.94,William Blair & Company,2 years,RENT,44940.0,Fully Paid,debt_consolidation,IL,16.72,735.0,739.0
16100.0,11.83,HEALTH CARE SERVICE CORPORATION,< 1 year,RENT,70000.0,Fully Paid,debt_consolidation,IL,10.89,730.0,734.0
20000.0,11.48,Johnson & Johnson,4 years,RENT,85000.0,Fully Paid,other,NJ,10.07,790.0,794.0
13000.0,11.83,,3 years,MORTGAGE,107004.0,Fully Paid,debt_consolidation,VA,13.2,715.0,719.0
5000.0,7.74,Ball Corp.,10+ years,RENT,62000.0,Fully Paid,other,OH,14.4,750.0,754.0
20000.0,17.39,vana beauty salon,4 years,RENT,62000.0,Charged Off,small_business,CA,13.51,695.0,699.0
10000.0,11.14,MIT Lincoln Labs,1 year,RENT,93000.0,Fully Paid,major_purchase,MA,13.03,725.0,729.0
2400.0,7.74,USD 383 School District,10+ years,OTHER,42162.0,Fully Paid,educational,KS,11.47,755.0,759.0
10000.0,14.61,dept of veterans affairs,5 years,RENT,45600.0,Fully Paid,debt_consolidation,TX,22.03,670.0,674.0
8000.0,12.53,Epocrates,1 year,MORTGAGE,45000.0,Fully Paid,debt_consolidation,NY,11.57,695.0,699.0
12000.0,16.0,Professional Rehab Services,2 years,OTHER,95000.0,Charged Off,small_business,PA,11.86,700.0,704.0
16000.0,12.18,Margolin Winer Evens LLP,7 years,RENT,90000.0,Fully Paid,debt_consolidation,NY,13.68,715.0,719.0
12300.0,14.96,Summer Hill Inc,10+ years,MORTGAGE,72000.0,Fully Paid,credit_card,KY,6.43,665.0,669.0
10500.0,11.14,Dept of VA affairs,1 year,RENT,53796.0,Fully Paid,debt_consolidation,PA,19.63,730.0,734.0
18400.0,14.61,Rockwell Group,10+ years,RENT,121000.0,Fully Paid,small_business,FL,13.09,750.0,754.0
15000.0,8.94,Littler Mendelson  PC,3 years,RENT,62280.0,Fully Paid,debt_consolidation,CA,7.78,790.0,794.0
6000.0,15.31,Time Warner Cable,8 years,RENT,33996.0,Fully Paid,moving,OH,7.31,665.0,669.0
18000.0,11.83,EatonGolden,6 years,RENT,116004.0,Fully Paid,debt_consolidation,MN,8.22,745.0,749.0
8000.0,12.53,RBI Management Services LLC,1 year,OWN,39996.0,Fully Paid,debt_consolidation,AZ,13.62,715.0,719.0
5175.0,12.53,presbyterian home,< 1 year,RENT,21000.0,Charged Off,debt_consolidation,NY,22.86,690.0,694.0
20000.0,14.26,us government,10+ years,MORTGAGE,158000.0,Fully Paid,"PA). \"",152xx,PA,Nov-1988,690.0
20000.0,11.14,"Rx Two Pharmacy Services, Inc",3 years,MORTGAGE,150000.0,Charged Off,debt_consolidation,CA,0.82,790.0,794.0
15000.0,11.14,JP Morgan Chase,7 years,RENT,36700.0,Fully Paid,debt_consolidation,OH,14.19,750.0,754.0
9000.0,12.18,Department of Interior (DOI),1 year,RENT,60989.0,Charged Off,credit_card,VA,19.77,700.0,704.0
10000.0,8.94,Self,5 years,RENT,50000.0,Fully Paid,medical,CA,7.56,755.0,759.0
17000.0,8.94,UHHS Conneaut Medical Center,10+ years,MORTGAGE,65000.0,Fully Paid,debt_consolidation,OH,12.89,770.0,774.0
4200.0,11.48,Centers for Disease Control and Prevention (CDC),< 1 year,RENT,48500.0,Fully Paid,moving,NM,18.06,705.0,709.0
13900.0,8.94,Honeywell International Inc.,10+ years,MORTGAGE,29766.84,Fully Paid,debt_consolidation,OH,17.66,745.0,749.0
4575.0,7.74,State of Hawaii Office of the Public Defender,10+ years,MORTGAGE,78000.0,Fully Paid,debt_consolidation,HI,17.94,760.0,764.0
20000.0,11.83,Ohio Attorney General's Office,1 year,MORTGAGE,84000.0,Fully Paid,credit_card,OH,15.91,765.0,769.0
5000.0,16.35,Peter Lee,5 years,RENT,50000.0,Charged Off,small_business,CA,7.2,745.0,749.0
3500.0,15.65,,3 years,RENT,65000.0,Fully Paid,small_business,NY,2.51,730.0,734.0
20000.0,11.48,Housing Investments Inc,10+ years,OTHER,192000.0,Charged Off,debt_consolidation,MA,6.62,755.0,759.0
6400.0,12.87,City of Colorado springs,6 years,MORTGAGE,125000.0,Fully Paid,debt_consolidation,CO,9.9,695.0,699.0
8000.0,11.83,Sonlife Prosthetics,1 year,RENT,65004.0,Fully Paid,credit_card,FL,8.12,730.0,734.0
9500.0,13.92,F Salons & Spas llc,1 year,RENT,30000.0,Fully Paid,debt_consolidation,NY,15.92,690.0,694.0
6000.0,7.4,ECC,3 years,RENT,115000.0,Fully Paid,debt_consolidation,MA,6.4,770.0,774.0
1000.0,11.14,,3 years,MORTGAGE,98000.0,Fully Paid,debt_consolidation,PA,11.64,705.0,709.0
20000.0,13.57,Derbyshire Machine and Tool Co,10+ years,MORTGAGE,98000.0,Fully Paid,debt_consolidation,PA,7.8,700.0,704.0
13000.0,11.83,Silgan White Cap Inc,2 years,RENT,56000.0,Fully Paid,debt_consolidation,IL,11.87,720.0,724.0
13000.0,11.83,Organon Professional Services,3 years,MORTGAGE,115000.0,Fully Paid,credit_card,CA,4.17,715.0,719.0
1800.0,8.94,J. Alexanders,5 years,RENT,75000.0,Fully Paid,car,FL,24.21,720.0,724.0
5000.0,8.59,Fidelity Investments,5 years,MORTGAGE,249996.0,Fully Paid,home_improvement,MA,6.29,735.0,739.0
10000.0,13.22,IBM,1 year,RENT,60000.0,Fully Paid,educational,SC,9.54,690.0,694.0
10000.0,16.0,Green River Capital,< 1 year,RENT,46000.0,Fully Paid,debt_consolidation,UT,14.3,690.0,694.0
10000.0,7.74,US Postal Service (USPS),10+ years,MORTGAGE,54000.0,Fully Paid,major_purchase,MD,9.11,790.0,794.0
16000.0,11.83,Belmont Correctional,10+ years,MORTGAGE,50004.0,Fully Paid,debt_consolidation,OH,19.03,745.0,749.0
7000.0,8.59,PricewaterhouseCoopers,2 years,RENT,60140.0,Fully Paid,debt_consolidation,NJ,22.73,740.0,744.0
10000.0,13.57,USDA,7 years,MORTGAGE,108000.0,Fully Paid,debt_consolidation,NY,15.74,700.0,704.0
3000.0,11.48,Rubio's fresh Mexican grill,2 years,RENT,52000.0,Fully Paid,other,CA,21.72,705.0,709.0
9000.0,7.74,State of Az,3 years,MORTGAGE,42000.0,Fully Paid,home_improvement,AZ,2.69,795.0,799.0
15000.0,12.18,Astoria Fuel Corp.,10+ years,OWN,95892.0,Fully Paid,home_improvement,NY,8.7,770.0,774.0
20000.0,11.48,"North American Motorsports, LLC",7 years,RENT,62400.0,Fully Paid,debt_consolidation,CT,18.4,765.0,769.0
20000.0,12.18,sabic-ip,4 years,MORTGAGE,70000.0,Fully Paid,home_improvement,NY,14.31,720.0,724.0
12000.0,12.18,Schawk,10+ years,MORTGAGE,80000.0,Fully Paid,debt_consolidation,MI,24.88,710.0,714.0
9000.0,11.48,Robert Half International,< 1 year,RENT,45000.0,Fully Paid,credit_card,TX,18.93,715.0,719.0
6700.0,11.83,L'Oreal USA,9 years,MORTGAGE,75744.0,Fully Paid,credit_card,NJ,12.74,710.0,714.0
12000.0,12.18,Wave Hill Breads,1 year,OWN,41004.0,Fully Paid,home_improvement,CT,5.24,710.0,714.0
18500.0,12.87,American Design Ltd.,3 years,RENT,62004.0,Fully Paid,debt_consolidation,NM,11.84,705.0,709.0
6950.0,7.74,Ruby's Inn,< 1 year,MORTGAGE,32000.0,Fully Paid,debt_consolidation,UT,22.73,750.0,754.0
8450.0,8.59,Abbtech Staffing,< 1 year,RENT,42000.0,Fully Paid,debt_consolidation,MD,17.37,750.0,754.0
7000.0,14.26,St. Norbert College,1 year,MORTGAGE,70000.0,Fully Paid,debt_consolidation,WI,18.82,690.0,694.0
7500.0,13.57,Atria Senior Living,5 years,RENT,99504.0,Fully Paid,home_improvement,KY,13.28,680.0,684.0
10000.0,8.94,patterson freight,3 years,RENT,24996.0,Fully Paid,house,FL,13.68,740.0,744.0
7000.0,7.74,TM Floyd & Company,1 year,MORTGAGE,108000.0,Fully Paid,credit_card,FL,12.69,760.0,764.0
11600.0,8.59,Magnum Tool Co.,5 years,MORTGAGE,63000.0,Fully Paid,debt_consolidation,CO,18.02,775.0,779.0
2200.0,11.48,NORCAL Mutual Insurance,2 years,RENT,40000.0,Fully Paid,other,CA,14.55,730.0,734.0
2500.0,7.74,Cunningham Chrysler,9 years,MORTGAGE,42000.0,Fully Paid,other,PA,6.49,735.0,739.0
10000.0,8.94,United States Army,8 years,RENT,62366.4,Fully Paid,wedding,LA,14.78,740.0,744.0
7550.0,13.22,robert bowden,8 years,MORTGAGE,36297.0,Charged Off,debt_consolidation,GA,13.49,680.0,684.0
5200.0,12.87,VAN BRUGGEN SIGNS,6 years,MORTGAGE,58000.0,Fully Paid,debt_consolidation,IL,10.28,685.0,689.0
1675.0,7.74,Borders Group,7 years,RENT,20000.0,Fully Paid,credit_card,CA,4.68,730.0,734.0
15000.0,13.57,Virtua,< 1 year,MORTGAGE,61572.0,Fully Paid,wedding,NJ,15.42,710.0,714.0
18000.0,13.22,Hughes-Calihan Konica Minolta,7 years,MORTGAGE,130000.0,Fully Paid,credit_card,AZ,16.99,700.0,704.0
6000.0,8.94,Advantage Sales & Marketing,7 years,RENT,27000.0,Charged Off,credit_card,NY,17.73,755.0,759.0
7200.0,8.59,Covidien,2 years,RENT,112123.0,Fully Paid,debt_consolidation,FL,13.89,765.0,769.0
5000.0,13.22,home depot,2 years,RENT,20000.0,Fully Paid,debt_consolidation,FL,10.14,685.0,689.0
8000.0,12.18,Valley Ambulance Authority,4 years,RENT,30000.0,Fully Paid,wedding,PA,4.16,735.0,739.0
20000.0,13.22,"Get Fit , Feel Fine",4 years,RENT,78000.0,Charged Off,debt_consolidation,TX,0.65,725.0,729.0
15000.0,12.87,First Republic Bank,6 years,MORTGAGE,115000.0,Fully Paid,debt_consolidation,NJ,8.35,700.0,704.0
9600.0,13.22,Sheraton,3 years,MORTGAGE,120000.0,Fully Paid,debt_consolidation,NJ,4.91,690.0,694.0
20000.0,15.31,United States Air Force,10+ years,RENT,93600.0,Fully Paid,debt_consolidation,FL,23.79,700.0,704.0
5000.0,8.94,ryan herco,3 years,RENT,35004.0,Fully Paid,debt_consolidation,OR,15.02,725.0,729.0
2300.0,8.59,Commission Junction,1 year,RENT,39000.0,Fully Paid,credit_card,CA,0.98,740.0,744.0
20000.0,13.57,countyofplumas,10+ years,MORTGAGE,56004.0,Fully Paid,debt_consolidation,CA,20.03,705.0,709.0
4800.0,8.59,Stark Industrial LLC,10+ years,MORTGAGE,52000.0,Fully Paid,other,OH,4.41,765.0,769.0
3000.0,13.22,Bright Horizons Childcare,2 years,RENT,25000.0,Fully Paid,home_improvement,NY,3.5,680.0,684.0
7000.0,8.94,Vindale Research,< 1 year,RENT,15090.0,Charged Off,other,GA,12.17,755.0,759.0
3200.0,7.74,Federal Express,10+ years,MORTGAGE,45000.0,Fully Paid,other,FL,17.33,735.0,739.0
6000.0,8.94,Foxwoods Resort Casino,6 years,RENT,60000.0,Fully Paid,debt_consolidation,CT,23.18,730.0,734.0
1000.0,7.4,Sears Holdings Corporation,5 years,MORTGAGE,30000.0,Fully Paid,home_improvement,TX,0.0,770.0,774.0
3500.0,11.83,T-Mobile,7 years,OWN,57000.0,Fully Paid,home_improvement,OH,24.11,705.0,709.0
11100.0,8.94,Cypress Communications,3 years,MORTGAGE,82500.0,Fully Paid,debt_consolidation,FL,21.53,735.0,739.0
6000.0,8.94,BDO Seidman LLP,1 year,RENT,70000.0,Fully Paid,wedding,NY,9.46,730.0,734.0
10000.0,8.59,State of Florida,3 years,MORTGAGE,41000.0,Fully Paid,debt_consolidation,FL,10.92,755.0,759.0
20000.0,11.83,State of Oregon,4 years,MORTGAGE,72000.0,Fully Paid,home_improvement,OR,2.55,740.0,744.0
15000.0,16.7,Rudder Inc,2 years,RENT,96000.0,Fully Paid,small_business,TX,7.05,720.0,724.0
1500.0,7.05,Colorado Mountain College,1 year,MORTGAGE,45000.0,Fully Paid,credit_card,CO,16.24,790.0,794.0
20000.0,13.92,Clorox Sales Company,4 years,MORTGAGE,88400.0,Fully Paid,debt_consolidation,CA,24.94,690.0,694.0
12000.0,12.53,Macy's,3 years,RENT,48996.0,Fully Paid,debt_consolidation,OH,9.92,705.0,709.0
12000.0,8.94,TSI,7 years,MORTGAGE,35088.0,Fully Paid,debt_consolidation,MN,11.01,755.0,759.0
20000.0,12.18,United States Navy,8 years,RENT,54996.0,Fully Paid,debt_consolidation,PA,13.79,725.0,729.0
12000.0,11.14,Our Children First,1 year,MORTGAGE,27000.0,Charged Off,major_purchase,FL,17.82,740.0,744.0
20000.0,17.74,Abstoss International Steel Holding Inc.,1 year,MORTGAGE,120000.0,Fully Paid,credit_card,CT,18.34,700.0,704.0
9600.0,14.61,GreenPath,3 years,RENT,42000.0,Fully Paid,debt_consolidation,MI,15.09,670.0,674.0
7550.0,13.92,Morrisville Auxiliary Corporation,2 years,RENT,40000.0,Fully Paid,debt_consolidation,NY,22.05,680.0,684.0
2000.0,13.22,Baptist Medical Center,1 year,MORTGAGE,55000.0,Fully Paid,other,FL,9.77,670.0,674.0
4575.0,17.74,AMC Entertainment,3 years,MORTGAGE,11000.0,Fully Paid,small_business,MI,8.84,690.0,694.0
3000.0,12.53,MetLife,10+ years,RENT,64680.0,Fully Paid,other,CT,15.9,695.0,699.0
5000.0,12.87,Corestaff Services,< 1 year,RENT,39996.0,Fully Paid,other,WA,3.0,710.0,714.0
8000.0,18.43,Texas A&M University - Human Resources,3 years,RENT,38698.0,Charged Off,wedding,TX,9.86,665.0,669.0
9000.0,12.53,Flagler County Schools,2 years,RENT,40000.0,Fully Paid,debt_consolidation,FL,14.46,690.0,694.0
1000.0,7.74,VIP,2 years,RENT,29000.0,Fully Paid,educational,NY,21.52,735.0,739.0
1000.0,7.4,Self-employed,4 years,MORTGAGE,69000.0,Fully Paid,debt_consolidation,CA,6.65,765.0,769.0
10000.0,13.57,SunGard Data Systems,10+ years,MORTGAGE,97000.0,Fully Paid,debt_consolidation,PA,16.96,680.0,684.0
2800.0,14.96,College Square Getty,10+ years,MORTGAGE,89000.0,Fully Paid,small_business,MA,20.95,710.0,714.0
10000.0,16.35,"bODY QUEST HEALTH & PERFORMANCE, LLC",2 years,MORTGAGE,77000.0,Fully Paid,small_business,CO,11.52,730.0,734.0
2400.0,7.4,"Correlated Solutions, Inc.",2 years,RENT,66000.0,Fully Paid,other,SC,5.89,775.0,779.0
6000.0,12.87,Las Vegas Valley Water District,7 years,RENT,80000.0,Fully Paid,debt_consolidation,NV,13.05,685.0,689.0
2500.0,14.96,United States Postal Service,10+ years,RENT,59000.0,Fully Paid,vacation,VA,9.66,660.0,664.0
3000.0,8.94,Department of Homeland Security (DHS),4 years,MORTGAGE,83957.0,Fully Paid,debt_consolidation,FL,23.05,715.0,719.0
12000.0,14.61,"Data Executive, LLC",< 1 year,RENT,100000.0,Fully Paid,small_business,NY,5.05,765.0,769.0
6000.0,8.94,SANUKA MEDICAL CENTER,4 years,RENT,40000.0,Charged Off,educational,IL,2.91,730.0,734.0
12000.0,14.26,Siemens,< 1 year,RENT,56000.0,Fully Paid,debt_consolidation,OH,14.55,675.0,679.0
6000.0,14.96,Big Lots Inc.,4 years,RENT,52000.0,Fully Paid,debt_consolidation,CA,15.65,660.0,664.0
4200.0,14.26,U.S. Army,10+ years,RENT,61512.0,Charged Off,other,GA,12.11,665.0,669.0
7500.0,12.18,Your Cable Store,7 years,RENT,67000.0,Fully Paid,house,CA,4.66,705.0,709.0
12700.0,8.94,Voxify Inc,< 1 year,RENT,70000.0,Fully Paid,debt_consolidation,CA,13.63,760.0,764.0
3800.0,14.26,Department of Health and Human Services (HHS),1 year,RENT,108000.0,Fully Paid,credit_card,MD,13.75,665.0,669.0
9925.0,11.48,Amega Scientific Corp,4 years,MORTGAGE,45000.0,Fully Paid,other,NJ,12.67,730.0,734.0
5000.0,8.59,Fowler Financial Services,2 years,RENT,20000.0,Fully Paid,debt_consolidation,CA,14.16,750.0,754.0
20000.0,12.53,Kanon Bloch CarrÃ©,2 years,MORTGAGE,111262.0,Fully Paid,debt_consolidation,MA,11.36,715.0,719.0
15850.0,16.35,Hacienda La Puente USD,10+ years,RENT,56000.0,Charged Off,debt_consolidation,CA,22.84,660.0,664.0
4000.0,13.22,"PreCheck, Inc",< 1 year,RENT,50000.0,Fully Paid,educational,TX,1.08,700.0,704.0
5000.0,12.18,Bargain Beachwear,2 years,MORTGAGE,27000.0,Fully Paid,debt_consolidation,SC,9.78,705.0,709.0
6000.0,13.57,Genereal Dynamics NASSCO,< 1 year,RENT,57996.0,Fully Paid,moving,CA,9.37,690.0,694.0
3200.0,14.96,Business Control Systems,2 years,RENT,57500.0,Fully Paid,debt_consolidation,TX,20.43,670.0,674.0
10000.0,8.59,Franklin Educational Services,< 1 year,RENT,36000.0,Fully Paid,other,CA,16.0,750.0,754.0
3200.0,13.22,Gatehouse Management,3 years,MORTGAGE,90000.0,Fully Paid,home_improvement,FL,12.08,675.0,679.0
8000.0,11.14,Ajilon Finance,< 1 year,RENT,21340.0,Charged Off,major_purchase,AZ,17.71,770.0,774.0
8000.0,13.92,Atkinson Industries inc,10+ years,MORTGAGE,75000.0,Fully Paid,other,KS,19.87,675.0,679.0
6000.0,11.48,Johnson & Johnson,1 year,RENT,56000.0,Charged Off,credit_card,PA,11.16,710.0,714.0
20000.0,14.26,Titan Reinforcing LLC,1 year,MORTGAGE,90000.0,Charged Off,debt_consolidation,FL,22.81,685.0,689.0
12000.0,8.94,olmsted-kirk paper company,1 year,MORTGAGE,60000.0,Fully Paid,other,TX,15.86,790.0,794.0
5075.0,11.48,Macy's,< 1 year,RENT,20000.0,Charged Off,debt_consolidation,CO,19.68,710.0,714.0
20000.0,13.92,Flipchip International,4 years,MORTGAGE,85000.0,Fully Paid,debt_consolidation,AZ,11.55,695.0,699.0
1000.0,11.83,OryonTechnologiesDevelopment,2 years,MORTGAGE,51000.0,Fully Paid,other,AZ,16.8,705.0,709.0
15000.0,13.22,Mandel Communications,1 year,RENT,50000.0,Fully Paid,debt_consolidation,CA,13.42,690.0,694.0
13475.0,8.94,Hilton Hotels Corporation,10+ years,MORTGAGE,76500.0,Fully Paid,debt_consolidation,CA,18.7,745.0,749.0
6600.0,11.14,Law Office,2 years,RENT,40200.0,Fully Paid,other,CA,2.87,725.0,729.0
2000.0,14.26,Cornell University,5 years,RENT,30123.0,Fully Paid,wedding,NY,15.38,660.0,664.0
16000.0,8.94,SUPER FRESH/ A&P TEA CO. INC.,10+ years,MORTGAGE,120000.0,Fully Paid,other,DE,23.1,780.0,784.0
4000.0,8.59,R E LEE ELECTRIC CO. INC.,2 years,RENT,24000.0,Fully Paid,debt_consolidation,DC,21.85,735.0,739.0
15000.0,11.83,COBRA ROOFING SERVICES,6 years,MORTGAGE,233000.0,Fully Paid,major_purchase,WA,8.53,725.0,729.0
3500.0,16.0,Angel Otero,< 1 year,RENT,27000.0,Fully Paid,other,NY,8.89,675.0,679.0
5000.0,12.18,CBE Technologies,1 year,RENT,67500.0,Fully Paid,other,CT,14.99,695.0,699.0
8000.0,13.57,"ag accounting, llc",6 years,RENT,132640.0,Fully Paid,debt_consolidation,NV,17.68,680.0,684.0
13000.0,12.87,United Airlines,10+ years,RENT,43000.0,Fully Paid,debt_consolidation,MA,14.93,715.0,719.0
10000.0,8.94,Liminal Group,< 1 year,MORTGAGE,54996.0,Fully Paid,credit_card,NY,12.76,740.0,744.0
12000.0,12.53,holland township,6 years,RENT,78000.0,Fully Paid,debt_consolidation,NJ,18.89,700.0,704.0
5000.0,11.83,Cricket Communicaitons,8 years,RENT,113800.0,Fully Paid,debt_consolidation,TX,13.63,705.0,709.0
20000.0,13.22,Unemployed / Disabled,8 years,RENT,76464.0,Fully Paid,debt_consolidation,FL,17.36,705.0,709.0
9600.0,8.94,TinWerks Corporation,< 1 year,RENT,85000.0,Charged Off,car,IL,12.01,740.0,744.0
5000.0,13.92,Darden Enterprises,2 years,OWN,15000.0,Fully Paid,educational,OH,4.0,690.0,694.0
15000.0,18.43,Southwest Racquetball & Fitness,10+ years,MORTGAGE,35000.0,Fully Paid,small_business,TX,8.78,675.0,679.0
8000.0,13.22,harry s peterson,5 years,MORTGAGE,78000.0,Fully Paid,home_improvement,NJ,14.66,680.0,684.0
20000.0,13.22,SGS North America,10+ years,MORTGAGE,64000.0,Fully Paid,debt_consolidation,SC,10.13,705.0,709.0
10400.0,16.35,The Home Depot,9 years,RENT,35004.0,Fully Paid,debt_consolidation,VA,17.45,660.0,664.0
20000.0,16.35,Gordy's Courier Service,4 years,MORTGAGE,98240.0,Fully Paid,debt_consolidation,OR,9.19,675.0,679.0
12000.0,14.26,Los Angeles County,10+ years,OTHER,42000.0,Fully Paid,other,CA,1.34,685.0,689.0
10000.0,12.18,FELE,3 years,RENT,60000.0,Fully Paid,other,OK,24.7,710.0,714.0
20000.0,14.61,Lockheed Martin Corp.,9 years,MORTGAGE,84000.0,Fully Paid,debt_consolidation,CO,15.8,680.0,684.0
3500.0,8.59,Schlotzsky's Deli,2 years,RENT,12996.0,Charged Off,educational,TX,0.0,725.0,729.0
15000.0,16.0,BE  and  k  Inc. a KBR company,10+ years,OWN,42996.0,Fully Paid,debt_consolidation,AL,15.57,665.0,669.0
16000.0,16.35,Goldman Sachs,1 year,RENT,80000.0,Fully Paid,debt_consolidation,NY,9.63,690.0,694.0
1500.0,12.18,Aspire,5 years,RENT,18000.0,Charged Off,other,NY,14.4,685.0,689.0
9800.0,8.94,D&R Electric,10+ years,MORTGAGE,75000.0,Fully Paid,car,MD,2.85,760.0,764.0
20000.0,11.83,CareerBuilder.com,2 years,RENT,75000.0,Fully Paid,wedding,IL,5.66,735.0,739.0
12800.0,11.83,,< 1 year,OTHER,35000.0,Fully Paid,debt_consolidation,CA,11.66,715.0,719.0
10000.0,8.59,IBM,4 years,OWN,87000.0,Fully Paid,in the past couple of months however,credit_card,Refinance CC Due to Random Rate Incr.,2.62,0.0
3600.0,11.48,mercedes benz,4 years,MORTGAGE,20004.0,Fully Paid,educational,CA,3.6,720.0,724.0
20000.0,14.26,CITY OF SANTA BARBARA,10+ years,RENT,80004.0,Fully Paid,debt_consolidation,CA,21.19,690.0,694.0
14400.0,12.53,Venice Consulting Group,< 1 year,RENT,75000.0,Fully Paid,debt_consolidation,CA,9.66,710.0,714.0
10000.0,13.22,NGP Management  LLC,< 1 year,RENT,48000.0,Fully Paid,credit_card,MA,22.43,685.0,689.0
20000.0,12.18,Sutter Health Support Services,1 year,MORTGAGE,157200.0,Fully Paid,educational,CA,8.95,725.0,729.0
17500.0,12.87,Clear,1 year,RENT,120000.0,Fully Paid,credit_card,NV,14.98,710.0,714.0
20000.0,14.26,Eternally Healthy LLC,3 years,RENT,108901.0,Charged Off,at the time of these rate increases we were working hard to pay off these debts. We have no doubt that we will easily be able to pay off this loan and give you a good,Loan To Eliminate Credit Card Debt,335xx,0.0,Dec-1991
10000.0,7.74,Gandinnovations,3 years,RENT,54996.0,Fully Paid,major_purchase,NJ,9.01,780.0,784.0
6700.0,15.31,AT&T Inc.,< 1 year,RENT,27600.0,Fully Paid,wedding,NV,3.78,665.0,669.0
15000.0,12.87,Philips,1 year,RENT,56000.0,Fully Paid,debt_consolidation,GA,22.18,700.0,704.0
20000.0,13.57,Jolley Urga Wirth Woodbury & Standish,4 years,RENT,100000.0,Fully Paid,home_improvement,NV,18.81,745.0,749.0
9000.0,8.94,ANHEUSER BUSH SALES OF CANTON,10+ years,MORTGAGE,54000.0,Fully Paid,home_improvement,OH,9.38,740.0,744.0
16000.0,12.87,"Chico's, FAS",1 year,MORTGAGE,52000.0,Fully Paid,debt_consolidation,TX,12.48,710.0,714.0
20000.0,11.83,Quest Software,< 1 year,RENT,129000.0,Fully Paid,debt_consolidation,CA,16.51,730.0,734.0
10000.0,14.26,"Paladin Logic, Limited",2 years,MORTGAGE,94500.0,Fully Paid,Paladin will benefit from the 3% set-aside on federal government projects of greater than $500,Bridge Loan,750xx,0.0,Jan-1978
4575.0,11.48,Duval Multi-Residential Services Inc,3 years,RENT,17000.0,Fully Paid,credit_card,FL,18.14,730.0,734.0
20000.0,16.7,Therapy Management Coporation,2 years,MORTGAGE,90000.0,Fully Paid,debt_consolidation,TX,21.8,695.0,699.0
8000.0,13.92,retired,< 1 year,MORTGAGE,37732.83,Charged Off,small_business,TX,5.88,770.0,774.0
1500.0,14.61,Dedola Global Logistics,1 year,RENT,48000.0,Fully Paid,debt_consolidation,CA,7.25,665.0,669.0
20000.0,17.04,Sapient Corporation,1 year,RENT,180000.0,Fully Paid,credit_card,NY,10.9,675.0,679.0
17800.0,16.35,Wallstreet Systems,1 year,RENT,85000.0,Fully Paid,debt_consolidation,NJ,19.23,665.0,669.0
5000.0,15.31,shoes for crews,6 years,RENT,36000.0,Does not meet the credit policy. Status:Fully Paid,debt_consolidation,FL,3.23,665.0,669.0
3000.0,14.61,Rimini Gelato,< 1 year,MORTGAGE,36000.0,Does not meet the credit policy. Status:Fully Paid,moving,CO,22.13,665.0,669.0
5000.0,14.61,THE BANK OF NEW YORK MELLON,10+ years,RENT,54000.0,Does not meet the credit policy. Status:Fully Paid,debt_consolidation,NY,12.38,715.0,719.0
3000.0,12.87,A+ Cleaning & Property Service,10+ years,RENT,43296.0,Does not meet the credit policy. Status:Fully Paid,moving,CO,14.02,705.0,709.0
4200.0,12.87,K.G. International Inc,2 years,RENT,24000.0,Does not meet the credit policy. Status:Fully Paid,debt_consolidation,FL,7.15,730.0,734.0
7750.0,13.22,Richter and Associates,2 years,MORTGAGE,45000.0,Does not meet the credit policy. Status:Charged Off,home_improvement,OH,17.6,700.0,704.0
3000.0,12.53,butler america,3 years,MORTGAGE,120000.0,Does not meet the credit policy. Status:Fully Paid,home_improvement,CT,3.48,700.0,704.0
2000.0,15.31,Gutierrez Restaurant,10+ years,MORTGAGE,72000.0,Does not meet the credit policy. Status:Fully Paid,debt_consolidation,KS,21.2,665.0,669.0
2000.0,12.87,Commonwealth of MA,1 year,MORTGAGE,65500.0,Does not meet the credit policy. Status:Fully Paid,other,MA,4.03,685.0,689.0
2275.0,16.0,Beth Israel Hospital,10+ years,MORTGAGE,100000.0,Does not meet the credit policy. Status:Fully Paid,debt_consolidation,NY,24.6,700.0,704.0
10000.0,17.39,"Gale Brickman Agency, Inc.",< 1 year,MORTGAGE,200000.0,Does not meet the credit policy. Status:Charged Off,small_business,NY,10.8,685.0,689.0
8000.0,13.92,self employed commercial property,10+ years,RENT,36500.0,Does not meet the credit policy. Status:Fully Paid,debt_consolidation,FL,7.33,720.0,724.0
12000.0,13.92,synthes spine,4 years,MORTGAGE,80000.0,Does not meet the credit policy. Status:Fully Paid,home_improvement,PA,8.36,715.0,719.0
10500.0,16.0,"Fross & Fross Financial,  LLC",2 years,MORTGAGE,93996.0,Does not meet the credit policy. Status:Fully Paid,debt_consolidation,FL,17.8,660.0,664.0
3500.0,13.92,AIRGAS,5 years,RENT,80000.0,Does not meet the credit policy. Status:Fully Paid,house,CA,0.6,700.0,704.0
9000.0,12.53,Pitney Bowes,5 years,RENT,30000.0,Does not meet the credit policy. Status:Fully Paid,debt_consolidation,NY,8.44,700.0,704.0
20000.0,20.17,Loop Capital,< 1 year,RENT,240000.0,Does not meet the credit policy. Status:Fully Paid,debt_consolidation,IL,6.46,695.0,699.0
14100.0,11.48,Wards Cove,7 years,MORTGAGE,39480.0,Does not meet the credit policy. Status:Fully Paid,other,WA,14.65,720.0,724.0
5500.0,14.61,Private Brands Sales and Marketing,1 year,RENT,46000.0,Does not meet the credit policy. Status:Fully Paid,debt_consolidation,IL,4.02,720.0,724.0
5000.0,14.96,The Cornerstones of PSL Inc,10+ years,MORTGAGE,45000.0,Does not meet the credit policy. Status:Fully Paid,debt_consolidation,FL,20.67,660.0,664.0
7500.0,14.61,FutureTech,7 years,MORTGAGE,77000.0,Does not meet the credit policy. Status:Fully Paid,debt_consolidation,CA,12.0,670.0,674.0
5000.0,13.22,Computech Inc.,1 year,OTHER,80000.0,Does not meet the credit policy. Status:Fully Paid,major_purchase,DC,11.85,685.0,689.0
20000.0,18.09,Cigna Healthcare,4 years,RENT,72209.0,Does not meet the credit policy. Status:Charged Off,small_business,PA,24.13,690.0,694.0
6000.0,13.92,Yale New Haven Hospital,< 1 year,RENT,21000.0,Does not meet the credit policy. Status:Fully Paid,home_improvement,CT,7.6,705.0,709.0
7000.0,13.92,byerlys restaurants inc,2 years,RENT,30000.0,Does not meet the credit policy. Status:Charged Off,major_purchase,CA,3.6,690.0,694.0
1200.0,13.22,United States Air Force,1 year,RENT,23772.0,Does not meet the credit policy. Status:Fully Paid,car,AZ,8.78,680.0,684.0
3500.0,14.26,Portescap,2 years,RENT,84996.0,Does not meet the credit policy. Status:Fully Paid,debt_consolidation,PA,17.89,670.0,674.0
20000.0,11.83,U.S. Secret Service,10+ years,MORTGAGE,123269.0,Does not meet the credit policy. Status:Fully Paid,debt_consolidation,VA,19.22,735.0,739.0
3000.0,12.87,Cypress Creek Personnel,< 1 year,RENT,15200.0,Does not meet the credit policy. Status:Charged Off,educational,PA,13.58,710.0,714.0
11000.0,14.61,hms host,< 1 year,RENT,25000.0,Does not meet the credit policy. Status:Charged Off,other,NY,10.03,675.0,679.0
15000.0,13.92,Small Smiles,1 year,RENT,160000.0,Does not meet the credit policy. Status:Fully Paid,debt_consolidation,CO,13.47,690.0,694.0
15000.0,18.09,"Progressive Alternatives, LLC",4 years,RENT,78000.0,Does not meet the credit policy. Status:Fully Paid,small_business,OH,20.42,710.0,714.0
18200.0,20.52,Hood Medical Group,1 year,MORTGAGE,450000.0,Does not meet the credit policy. Status:Fully Paid,"fence and do landscaping work around our property.  We would like to pay it off in only 12 months.\"",761xx,TX,Dec-1999,695.0
5000.0,13.57,Quiktrip,< 1 year,MORTGAGE,41004.0,Does not meet the credit policy. Status:Fully Paid,wedding,MO,18.53,710.0,714.0
3500.0,15.31,State of NJ,10+ years,MORTGAGE,104004.0,Does not meet the credit policy. Status:Fully Paid,medical,NJ,19.19,660.0,664.0
6000.0,17.39,Ed Rose,3 years,RENT,203004.0,Does not meet the credit policy. Status:Charged Off,other,MI,3.04,685.0,689.0
8000.0,18.43,Hoag Hospital,7 years,MORTGAGE,100000.0,Does not meet the credit policy. Status:Fully Paid,other,CA,24.55,670.0,674.0
20000.0,18.43,"RSUI Group, Inc.",4 years,RENT,127500.0,Does not meet the credit policy. Status:Fully Paid,house,GA,1.77,750.0,754.0
15000.0,13.92,AmerisourceBergen Corp.,4 years,RENT,72385.51,Does not meet the credit policy. Status:Fully Paid,debt_consolidation,IL,16.68,695.0,699.0
12000.0,13.92,Intermediate Unit One,4 years,MORTGAGE,36500.0,Does not meet the credit policy. Status:Fully Paid,debt_consolidation,PA,18.74,680.0,684.0
18000.0,14.96,Self employed,7 years,MORTGAGE,300000.0,Does not meet the credit policy. Status:Fully Paid,small_business,MD,16.76,765.0,769.0
1200.0,15.65,,< 1 year,MORTGAGE,39996.0,Does not meet the credit policy. Status:Charged Off,other,PA,12.33,665.0,669.0
2800.0,14.96,Retired nurse,10+ years,OWN,16464.0,Does not meet the credit policy. Status:Charged Off,other,VT,16.18,675.0,679.0
5000.0,13.92,nutrilite,2 years,RENT,35000.0,Does not meet the credit policy. Status:Fully Paid,home_improvement,CA,3.22,680.0,684.0
5000.0,17.74,Childrens Hospital of Phila,1 year,RENT,57996.0,Does not meet the credit policy. Status:Fully Paid,home_improvement,PA,2.05,685.0,689.0
20000.0,14.96,Phenix Marketing,5 years,RENT,75000.0,Does not meet the credit policy. Status:Fully Paid,debt_consolidation,CT,0.98,680.0,684.0
4575.0,15.65,Western Union Co.,2 years,OTHER,70000.0,Does not meet the credit policy. Status:Fully Paid,credit_card,MS,14.31,680.0,684.0
3000.0,11.14,CAMC,< 1 year,MORTGAGE,40800.0,Does not meet the credit policy. Status:Fully Paid,wedding,WV,20.94,730.0,734.0
20000.0,13.92,COATES ACCOUNTANCY CORPORATION,< 1 year,MORTGAGE,95000.0,Does not meet the credit policy. Status:Fully Paid,debt_consolidation,CA,24.97,710.0,714.0
3500.0,15.31,GARDA,4 years,RENT,69996.0,Does not meet the credit policy. Status:Fully Paid,car,CO,17.52,680.0,684.0
5000.0,14.61,att mobility,7 years,RENT,29800.0,Does not meet the credit policy. Status:Fully Paid,credit_card,TX,20.21,665.0,669.0
20000.0,14.61,Capital Pharmaceutical,9 years,MORTGAGE,150000.0,Does not meet the credit policy. Status:Fully Paid,credit_card,OH,16.8,720.0,724.0
12300.0,11.14,Marlin Crawler,10+ years,MORTGAGE,85000.0,Does not meet the credit policy. Status:Fully Paid,credit_card,CA,23.1,760.0,764.0
12000.0,16.7,barlow respiratory hospital,4 years,RENT,78000.0,Does not meet the credit policy. Status:Fully Paid,credit_card,CA,9.62,670.0,674.0
6000.0,14.61,FCI Ray Brook,10+ years,RENT,55000.0,Does not meet the credit policy. Status:Fully Paid,home_improvement,NY,18.98,715.0,719.0
12000.0,13.22,,2 years,MORTGAGE,54000.0,Does not meet the credit policy. Status:Fully Paid,home_improvement,TX,20.91,695.0,699.0
20000.0,17.39,Wal-Mart Stores,1 year,RENT,131000.0,Does not meet the credit policy. Status:Fully Paid,home_improvement,SC,17.68,670.0,674.0
20000.0,12.53,Sherwin-Williams,8 years,OWN,48500.0,Does not meet the credit policy. Status:Fully Paid,debt_consolidation,KS,21.06,725.0,729.0
