3000.0,7.4,Ohio State University Airport,3 years,RENT,25000.0,Fully Paid,major_purchase,OH,6.91,750.0,754.0
7000.0,14.96,wsm trading corp,5 years,MORTGAGE,72000.0,Fully Paid,credit_card,TX,12.59,660.0,664.0
7000.0,14.96,Vision Systems Group,3 years,RENT,78000.0,Fully Paid,credit_card,GA,2.64,665.0,669.0
1500.0,12.87,Deloitte Services,3 years,RENT,60000.0,Fully Paid,other,VA,8.52,675.0,679.0
4750.0,11.83,City of Norfolk,3 years,MORTGAGE,36000.0,Fully Paid,debt_consolidation,VA,21.8,700.0,704.0
3000.0,8.59,St Josephs Hospital,4 years,OWN,77250.0,Fully Paid,other,NY,15.92,725.0,729.0
7000.0,8.59,Southern Union Community College,2 years,MORTGAGE,55000.0,Fully Paid,major_purchase,AL,6.09,755.0,759.0
4000.0,7.4,SimCom,< 1 year,RENT,36000.0,Fully Paid,major_purchase,FL,10.43,775.0,779.0
2500.0,14.61,"timberline Construction, Inc",9 years,MORTGAGE,64999.92,Fully Paid,credit_card,SD,15.23,660.0,664.0
5500.0,8.59,Northwest Airlines,10+ years,MORTGAGE,55000.0,Fully Paid,debt_consolidation,MN,14.97,740.0,744.0
8000.0,14.26,JPMorgan Chase,3 years,RENT,70000.0,Fully Paid,credit_card,NY,18.48,670.0,674.0
14100.0,14.26,Phoenixville Hospital,7 years,RENT,52000.0,Charged Off,credit_card,PA,20.91,720.0,724.0
12000.0,11.14,Gentiva Health Services,10+ years,OWN,92000.0,Fully Paid,home_improvement,GA,12.52,750.0,754.0
5000.0,13.22,Huneeus Vintners,2 years,MORTGAGE,110000.0,Charged Off,home_improvement,GA,15.4,690.0,694.0
9000.0,13.57,State of New Mexico,2 years,OWN,33300.0,Fully Paid,debt_consolidation,NM,11.14,680.0,684.0
3000.0,14.26,Spherion,< 1 year,RENT,16800.0,Fully Paid,wedding,PA,12.21,670.0,674.0
6000.0,12.18,carrabbas italian grille,2 years,RENT,24000.0,Charged Off,debt_consolidation,PA,9.65,745.0,749.0
3250.0,8.94,HISD,< 1 year,RENT,45000.0,Charged Off,other,TX,6.13,745.0,749.0
6000.0,11.14,Executive Hotels Vintage Court,2 years,RENT,40000.0,Fully Paid,credit_card,CA,24.1,715.0,719.0
10200.0,8.94,"Hale Aircraft, Inc.",10+ years,MORTGAGE,55000.0,Fully Paid,debt_consolidation,GA,8.47,735.0,739.0
7200.0,12.53,Lynn University,3 years,RENT,41000.0,Fully Paid,other,FL,13.61,720.0,724.0
11200.0,11.14,Nextep,1 year,MORTGAGE,35000.0,Charged Off,debt_consolidation,OK,10.8,730.0,734.0
4000.0,13.92,LexisNexis,< 1 year,MORTGAGE,45000.0,Fully Paid,debt_consolidation,OH,15.76,670.0,674.0
7800.0,11.83,Children's Hospital of Philadelphia,< 1 year,RENT,85757.0,Fully Paid,educational,PA,8.82,755.0,759.0
3500.0,7.74,Clearwire,3 years,RENT,65000.0,Fully Paid,debt_consolidation,WA,9.42,740.0,744.0
8500.0,11.14,Regus,< 1 year,RENT,28500.0,Fully Paid,debt_consolidation,CA,24.63,725.0,729.0
6500.0,8.59,Pacer Electronic Wire & Cable Inc,2 years,OWN,32000.0,Fully Paid,other,AZ,5.85,730.0,734.0
10000.0,8.59,U.S. DEPARTMENT OF AGRICULTURE,10+ years,MORTGAGE,98518.0,Fully Paid,credit_card,VA,4.46,755.0,759.0
4000.0,17.74,MacNeill group,< 1 year,RENT,45000.0,Fully Paid,debt_consolidation,FL,14.04,665.0,669.0
7500.0,14.96,Rockland Golf Course,7 years,RENT,25200.0,Fully Paid,debt_consolidation,MA,5.38,685.0,689.0
1000.0,11.14,,< 1 year,OWN,9600.0,Fully Paid,debt_consolidation,MD,4.38,745.0,749.0
10000.0,8.94,Prudential,5 years,RENT,64500.0,Fully Paid,other,NJ,10.33,740.0,744.0
2000.0,12.87,Walt Disney World,3 years,RENT,38000.0,Fully Paid,other,FL,17.21,675.0,679.0
7500.0,13.22,Millennium Partners,2 years,RENT,101000.0,Fully Paid,debt_consolidation,CA,22.22,685.0,689.0
4500.0,7.74,General Dynamics,3 years,MORTGAGE,72600.0,Fully Paid,home_improvement,PA,17.85,755.0,759.0
6500.0,14.26,Newport Center Pharmacy,2 years,RENT,21600.0,Fully Paid,other,CA,15.17,705.0,709.0
10000.0,8.94,Deloitte Tax LLP,2 years,RENT,53000.0,Fully Paid,major_purchase,FL,13.09,735.0,739.0
9000.0,8.94,Tufts University,1 year,MORTGAGE,66996.0,Fully Paid,credit_card,MA,17.7,735.0,739.0
9000.0,11.14,Cal Farley's Boys Ranch,5 years,MORTGAGE,54000.0,Fully Paid,debt_consolidation,TX,17.47,730.0,734.0
8000.0,8.59,Total Computing Solutions,5 years,MORTGAGE,38000.0,Fully Paid,other,UT,0.95,810.0,814.0
2000.0,7.4,Saint Francis Hospital,2 years,MORTGAGE,44000.0,Fully Paid,home_improvement,WV,4.53,785.0,789.0
6250.0,15.31,St. Johns United Methodist Church,< 1 year,MORTGAGE,25000.0,Fully Paid,debt_consolidation,SC,13.73,710.0,714.0
6000.0,12.87,Sagent Partners,< 1 year,RENT,40000.0,Fully Paid,debt_consolidation,VA,3.45,695.0,699.0
5000.0,8.59,"Mark R Osherow, Esq",< 1 year,MORTGAGE,60000.0,Fully Paid,other,FL,22.08,770.0,774.0
6250.0,12.87,CSK O'Reilly's,1 year,OWN,29000.0,Charged Off,debt_consolidation,HI,23.26,690.0,694.0
6000.0,8.94,Activant Solution,3 years,OWN,50000.0,Charged Off,home_improvement,NJ,15.7,735.0,739.0
4000.0,7.74,civil works corp,9 years,MORTGAGE,28500.0,Fully Paid,major_purchase,CA,17.64,765.0,769.0
5400.0,15.31,Accu-Serve,1 year,OWN,18000.0,Fully Paid,debt_consolidation,WY,11.33,675.0,679.0
13650.0,16.35,,< 1 year,RENT,33000.0,Charged Off,small_business,CO,7.89,700.0,704.0
5000.0,8.59,Harland Electric,9 years,MORTGAGE,59520.0,Fully Paid,vacation,MA,20.32,740.0,744.0
5000.0,12.87,Longhorn Steakhouse,8 years,RENT,33600.0,Fully Paid,debt_consolidation,RI,13.14,700.0,704.0
4500.0,13.92,Velocity Sports Performance,3 years,RENT,30000.0,Fully Paid,other,MI,24.6,670.0,674.0
25000.0,14.61,Social Security Administration,10+ years,MORTGAGE,102456.0,Fully Paid,credit_card,PA,17.76,705.0,709.0
17000.0,17.74,JWP INC,3 years,MORTGAGE,64800.0,Charged Off,small_business,FL,14.13,685.0,689.0
6000.0,12.18,Emory Healthcare,3 years,RENT,58000.0,Fully Paid,debt_consolidation,GA,13.9,725.0,729.0
10000.0,7.74,USDA Rural Development,10+ years,MORTGAGE,85000.0,Fully Paid,debt_consolidation,OR,0.17,775.0,779.0
6000.0,8.94,Computer Sciences Corporation,4 years,MORTGAGE,84600.0,Fully Paid,credit_card,MD,0.0,735.0,739.0
15000.0,14.61,County of El Paso,8 years,MORTGAGE,156000.0,Fully Paid,home_improvement,TX,7.83,680.0,684.0
8000.0,12.18,express energy,2 years,RENT,40000.0,Fully Paid,debt_consolidation,TX,19.32,705.0,709.0
10000.0,11.14,Domenico Valentino,1 year,RENT,30000.0,Fully Paid,debt_consolidation,NY,5.16,745.0,749.0
4000.0,8.94,Verizon Wireless,< 1 year,RENT,36000.0,Fully Paid,debt_consolidation,OH,2.77,760.0,764.0
3000.0,8.94,CCS-Inc.,2 years,RENT,42000.0,Fully Paid,debt_consolidation,VA,10.29,715.0,719.0
15000.0,13.92,U. S. Air Force,10+ years,MORTGAGE,102058.0,Fully Paid,home_improvement,MD,13.1,680.0,684.0
2400.0,11.48,Binghamton University,3 years,RENT,32995.0,Fully Paid,major_purchase,NY,21.49,715.0,719.0
4000.0,11.14,SP Newsprint,3 years,RENT,63000.0,Fully Paid,other,OR,10.29,715.0,719.0
10000.0,11.14,Verizon,< 1 year,RENT,140000.0,Fully Paid,moving,PA,8.1,740.0,744.0
4000.0,13.92,OnMedia,6 years,RENT,43000.0,Fully Paid,major_purchase,GA,18.45,670.0,674.0
7000.0,14.26,Aggreko LLC,3 years,RENT,65000.0,Fully Paid,debt_consolidation,CA,11.13,670.0,674.0
8500.0,12.18,ENTERPRISE RENT A CAR,7 years,OWN,49000.0,Fully Paid,credit_card,CO,7.08,705.0,709.0
4000.0,12.53,Auteriors Auto Reconditionong,2 years,RENT,38400.0,Fully Paid,other,GA,22.31,705.0,709.0
8500.0,12.87,Veterans Administration,10+ years,RENT,40556.0,Fully Paid,debt_consolidation,MA,10.36,685.0,689.0
12000.0,8.59,Herndon Plant & Oakley,< 1 year,MORTGAGE,64000.0,Fully Paid,other,TX,9.45,790.0,794.0
9600.0,13.57,Beacon Promotions,3 years,RENT,28080.0,Fully Paid,major_purchase,MN,4.66,680.0,684.0
1500.0,8.94,Cablevision,3 years,RENT,40000.0,Charged Off,other,NY,9.6,710.0,714.0
13500.0,14.96,U.S. Fire Administration,10+ years,MORTGAGE,95620.0,Fully Paid,debt_consolidation,PA,16.49,690.0,694.0
8000.0,8.59,Lets Ride LLC,2 years,RENT,47000.0,Fully Paid,other,MO,9.45,750.0,754.0
7750.0,16.7,Radio Shack,2 years,RENT,26000.0,Charged Off,small_business,OR,19.52,695.0,699.0
16500.0,11.83,Capital One Bank,3 years,RENT,57721.0,Fully Paid,debt_consolidation,TX,17.44,725.0,729.0
6000.0,11.83,Louisiana Tech University,3 years,RENT,94773.24,Fully Paid,house,LA,5.38,705.0,709.0
10000.0,13.57,Sears holding corp,10+ years,OWN,55000.0,Charged Off,debt_consolidation,MT,18.22,680.0,684.0
1500.0,7.74,ROCK ISLAND ARSENAL,< 1 year,OWN,69570.0,Fully Paid,other,IL,4.36,735.0,739.0
4000.0,16.7,Grahams Greenhouse,2 years,OWN,14400.0,Fully Paid,debt_consolidation,PA,0.0,660.0,664.0
9000.0,7.74,,< 1 year,MORTGAGE,33612.0,Charged Off,debt_consolidation,MD,15.1,780.0,784.0
18250.0,14.26,"David L. Gorman, P.A.",8 years,RENT,52000.0,Charged Off,debt_consolidation,FL,23.12,685.0,689.0
25000.0,12.87,Gap Inc,6 years,RENT,84000.0,Fully Paid,debt_consolidation,CA,8.64,710.0,714.0
8000.0,11.83,DOD civil servise,10+ years,MORTGAGE,49590.0,Charged Off,debt_consolidation,CA,10.79,705.0,709.0
8000.0,15.65,US Navy,5 years,RENT,46700.0,Fully Paid,debt_consolidation,MD,15.52,660.0,664.0
15000.0,11.83,Social Security Administration,5 years,RENT,65000.0,Fully Paid,credit_card,CA,13.79,720.0,724.0
6125.0,8.59,ADVANCE/NEWHOUSE COMMUNICATIONS,3 years,OWN,61360.0,Fully Paid,debt_consolidation,FL,10.21,745.0,749.0
12000.0,14.26,IHG,5 years,OTHER,75000.0,Fully Paid,debt_consolidation,NJ,24.77,675.0,679.0
13000.0,11.14,kathleen c fox pa,2 years,MORTGAGE,130000.0,Fully Paid,home_improvement,FL,12.15,745.0,749.0
15000.0,12.87,U.S. Department of Agriculture,9 years,MORTGAGE,101416.0,Fully Paid,debt_consolidation,MD,14.07,700.0,704.0
12000.0,12.87,"DoD, USN Civil Service",10+ years,MORTGAGE,67430.0,Fully Paid,credit_card,CA,7.15,695.0,699.0
12000.0,15.65,HCMLP,4 years,MORTGAGE,190000.0,Fully Paid,debt_consolidation,TX,8.21,670.0,674.0
8950.0,13.22,Conroy's Floral,1 year,RENT,39000.0,Charged Off,550 amount,debts,etc.,despite my reasonably good credit and excellent history this last few years.<br/><br/>Good borrower because basically never misses payment. Rarely late,by accident only. Usually pay everything 5-20 days early.<br/><br/>Have various stable income sources: spendthrift trust
11000.0,8.94,MEDDAC -AK,7 years,MORTGAGE,50400.0,Fully Paid,credit_card,AK,22.38,760.0,764.0
5600.0,11.14,td ameritrade,3 years,RENT,70000.0,Fully Paid,vacation,NY,13.37,720.0,724.0
13000.0,11.48,USACE,8 years,MORTGAGE,100000.0,Fully Paid,credit_card,LA,5.24,730.0,734.0
10000.0,7.74,Church Pension Group,10+ years,MORTGAGE,68000.0,Fully Paid,home_improvement,NY,1.71,800.0,804.0
8800.0,8.59,KBACE,< 1 year,MORTGAGE,66500.0,Fully Paid,debt_consolidation,NH,14.29,765.0,769.0
15000.0,11.14,point bridge,5 years,OWN,160000.0,Fully Paid,home_improvement,IL,8.75,770.0,774.0
8500.0,13.22,Cardiology Consultants,2 years,RENT,18000.0,Charged Off,major_purchase,NY,13.67,680.0,684.0
6500.0,16.35,community ems,< 1 year,RENT,65000.0,Fully Paid,debt_consolidation,MI,11.41,670.0,674.0
1200.0,12.53,Backcountry.com,< 1 year,RENT,15600.0,Fully Paid,car,UT,23.69,705.0,709.0
22000.0,16.0,Capital Group Companies,3 years,MORTGAGE,155000.0,Fully Paid,credit_card,CA,19.9,695.0,699.0
12000.0,12.87,Wooster Orthopaedic & Sports Medicine,< 1 year,RENT,60000.0,Fully Paid,debt_consolidation,OH,12.48,690.0,694.0
18000.0,11.14,BFG communications,6 years,MORTGAGE,112500.0,Fully Paid,moving,FL,0.99,770.0,774.0
2000.0,7.4,Southeastern Penn. Transportation Auth.,4 years,OWN,55000.0,Fully Paid,major_purchase,PA,1.88,765.0,769.0
15000.0,11.83,Metropolitan Police Department,4 years,RENT,60000.0,Fully Paid,debt_consolidation,VA,10.44,730.0,734.0
4000.0,7.74,Smith's Inc. of Dothan,8 years,OWN,78000.0,Fully Paid,major_purchase,AL,7.17,790.0,794.0
3000.0,8.94,CS STARS LLC.,2 years,MORTGAGE,175000.0,Fully Paid,other,IL,17.22,720.0,724.0
20000.0,13.22,Wells Fargo Foothill,2 years,RENT,65500.0,Fully Paid,debt_consolidation,GA,9.07,705.0,709.0
12000.0,12.53,Crown Cork & Seal,10+ years,RENT,50000.0,Fully Paid,debt_consolidation,MA,16.08,710.0,714.0
20000.0,15.31,WW Grainger,2 years,RENT,120000.0,Fully Paid,debt_consolidation,IL,9.1,680.0,684.0
5000.0,7.4,American Home Shield,5 years,MORTGAGE,50000.0,Fully Paid,car,GA,3.17,790.0,794.0
15000.0,8.94,Three Rivers park Distric,< 1 year,OWN,23040.0,Fully Paid,debt_consolidation,CO,10.1,770.0,774.0
15000.0,11.14,MHM Services Inc,4 years,RENT,50500.0,Fully Paid,debt_consolidation,VA,20.29,755.0,759.0
6500.0,7.74,,< 1 year,MORTGAGE,30000.0,Fully Paid,credit_card,CO,17.68,750.0,754.0
18000.0,12.53,Tufts Health Plan,10+ years,MORTGAGE,85000.0,Fully Paid,debt_consolidation,MA,18.96,725.0,729.0
25000.0,15.65,Mantech International,< 1 year,MORTGAGE,125000.0,Fully Paid,the state of the economy,hosting business recruiting seminars,etc. This is my opportunity to help build the local economy,small_business,Equipment Purchase
3000.0,13.92,,< 1 year,OWN,62500.0,Charged Off,major_purchase,LA,4.63,665.0,669.0
19400.0,16.0,WABC,2 years,MORTGAGE,130000.0,Fully Paid,debt_consolidation,NJ,12.6,670.0,674.0
10000.0,11.14,,< 1 year,RENT,60000.0,Fully Paid,"allowing me to double or triple payments.<br/>\"",199xx,DE,Mar-1999,730.0
7000.0,8.94,Navfac southwest,10+ years,MORTGAGE,120000.0,Fully Paid,other,CA,9.44,725.0,729.0
8000.0,11.48,ERNST & YOUNG,4 years,RENT,62000.0,Fully Paid,credit_card,MA,18.66,720.0,724.0
5000.0,11.83,US Air Force,< 1 year,MORTGAGE,96000.0,Fully Paid,credit_card,CO,23.75,700.0,704.0
20000.0,12.18,american airlines,10+ years,MORTGAGE,60000.0,Fully Paid,debt_consolidation,FL,24.86,725.0,729.0
8000.0,13.22,Care Ambulance Service,8 years,RENT,35000.0,Fully Paid,debt_consolidation,CA,9.02,680.0,684.0
6000.0,8.94,Southern California Edison,2 years,MORTGAGE,42000.0,Fully Paid,credit_card,CA,18.23,720.0,724.0
5000.0,14.96,HighSpans Engineering,< 1 year,RENT,48000.0,Charged Off,debt_consolidation,FL,13.68,690.0,694.0
3400.0,8.94,Landmark College,7 years,RENT,28404.0,Fully Paid,credit_card,VT,20.24,775.0,779.0
6000.0,8.94,U.S. Air Force,10+ years,RENT,25200.0,Fully Paid,credit_card,GA,20.1,750.0,754.0
4650.0,13.22,Crystal Run Healthcare,5 years,OWN,28672.8,Fully Paid,debt_consolidation,NY,21.3,685.0,689.0
7000.0,8.59,McKibbon Hotel Group,2 years,MORTGAGE,42000.0,Fully Paid,debt_consolidation,GA,17.26,735.0,739.0
13000.0,12.18,Emcore/JPL,< 1 year,RENT,70000.0,Fully Paid,educational,CA,3.36,715.0,719.0
2500.0,11.14,Greens Restaurant,< 1 year,RENT,25000.0,Fully Paid,house,CA,7.58,705.0,709.0
16750.0,14.61,,< 1 year,MORTGAGE,115000.0,Fully Paid,small_business,TX,10.12,745.0,749.0
6000.0,13.57,Buck Consultants,< 1 year,RENT,60000.0,Fully Paid,major_purchase,PA,13.28,680.0,684.0
2500.0,13.22,,< 1 year,MORTGAGE,38000.0,Fully Paid,debt_consolidation,CA,15.6,690.0,694.0
11000.0,8.94,College of the Holy Cross,3 years,OWN,30016.32,Fully Paid,debt_consolidation,CT,19.02,740.0,744.0
10000.0,7.74,US-DHS,6 years,RENT,130000.0,Fully Paid,other,NJ,3.56,785.0,789.0
16000.0,16.35,Oracle Corporation,5 years,MORTGAGE,189000.0,Fully Paid,debt_consolidation,IL,18.76,660.0,664.0
15000.0,15.31,,< 1 year,MORTGAGE,50000.0,Charged Off,small_business,CA,5.26,725.0,729.0
3500.0,13.57,Mumm Napa,7 years,OWN,62000.0,Fully Paid,car,CA,8.05,685.0,689.0
13000.0,21.21,,< 1 year,RENT,156000.0,Fully Paid,small_business,TX,10.45,665.0,669.0
11500.0,11.83,"CIBER,Inc.",7 years,MORTGAGE,40499.0,Fully Paid,debt_consolidation,CO,15.7,720.0,724.0
4500.0,8.94,Cabot Coproration,3 years,MORTGAGE,64260.0,Fully Paid,home_improvement,LA,7.53,785.0,789.0
9500.0,12.87,military,5 years,RENT,47000.0,Fully Paid,debt_consolidation,TX,12.28,695.0,699.0
20000.0,11.83,JKR Defalco Advertising,10+ years,MORTGAGE,154000.0,Fully Paid,credit_card,FL,22.64,735.0,739.0
12000.0,8.94,JUDYS GROUP.INC,10+ years,RENT,50000.0,Fully Paid,major_purchase,NY,6.0,750.0,754.0
10000.0,12.53,Brownsvile ISD,2 years,RENT,55000.0,Fully Paid,car,TX,0.65,790.0,794.0
5000.0,14.61,CPH,2 years,RENT,32968.0,Fully Paid,debt_consolidation,FL,16.74,665.0,669.0
2700.0,7.4,fedex Ground,< 1 year,OWN,12000.0,Fully Paid,other,NY,9.6,755.0,759.0
7000.0,13.57,"McCoy Grading, Inc.",5 years,RENT,65000.0,Fully Paid,debt_consolidation,GA,12.55,675.0,679.0
8000.0,8.59,Fidelity Investments,4 years,MORTGAGE,75000.0,Fully Paid,debt_consolidation,RI,15.36,765.0,769.0
10000.0,11.14,,< 1 year,RENT,32580.0,Fully Paid,debt_consolidation,FL,19.93,780.0,784.0
6000.0,11.83,Phh Mortgage,10+ years,RENT,80000.0,Fully Paid,debt_consolidation,NJ,8.89,705.0,709.0
8000.0,13.92,FedEx Home Delivery,< 1 year,RENT,36000.0,Fully Paid,other,CA,8.93,690.0,694.0
6500.0,12.53,ken nelson,1 year,RENT,24000.0,Fully Paid,other,IL,14.2,700.0,704.0
25000.0,12.18,The Walt Disney Company,2 years,RENT,47000.0,Fully Paid,debt_consolidation,CA,16.67,750.0,754.0
16000.0,12.18,Maricopa County,10+ years,MORTGAGE,70000.0,Fully Paid,debt_consolidation,AZ,23.82,715.0,719.0
25000.0,15.65,Danlyn Controls,1 year,MORTGAGE,65000.0,Fully Paid,small_business,MI,13.88,745.0,749.0
8000.0,14.26,Paragon Technology Group,< 1 year,RENT,88500.0,Charged Off,other,DC,11.61,680.0,684.0
15000.0,13.22,FAA,10+ years,OWN,130000.0,Fully Paid,credit_card,CA,8.36,695.0,699.0
9000.0,7.74,Meadow ISD,9 years,MORTGAGE,75996.0,Fully Paid,other,TX,11.84,770.0,774.0
14000.0,14.26,Shiloh Treatment Center,< 1 year,MORTGAGE,44000.0,Charged Off,small_business,TX,21.82,745.0,749.0
20000.0,12.18,"Pacific Research & Strategies, Inc.",7 years,RENT,75000.0,Fully Paid,debt_consolidation,CA,6.96,730.0,734.0
4800.0,12.87,MICROWAY SYSTEMS,< 1 year,OWN,28500.0,Fully Paid,debt_consolidation,IL,12.29,695.0,699.0
7000.0,11.14,University of Massachusetts Amherst,2 years,RENT,38500.0,Fully Paid,educational,MA,1.53,770.0,774.0
13500.0,13.22,U S Postal Service,10+ years,MORTGAGE,59068.0,Fully Paid,debt_consolidation,AR,9.3,690.0,694.0
15000.0,12.53,steven schaffel,< 1 year,MORTGAGE,84000.0,Charged Off,home_improvement,MN,10.13,710.0,714.0
20000.0,13.57,Data Communique Inc,4 years,MORTGAGE,100000.0,Fully Paid,debt_consolidation,NJ,9.8,700.0,704.0
13000.0,8.94,Office of the District Attorney,5 years,MORTGAGE,56000.0,Fully Paid,debt_consolidation,GA,16.76,750.0,754.0
10000.0,8.94,Fiserv,3 years,MORTGAGE,98000.0,Fully Paid,debt_consolidation,GA,15.86,745.0,749.0
8000.0,11.48,MERCY COLLEGE,3 years,RENT,48701.0,Fully Paid,credit_card,NY,12.91,715.0,719.0
2000.0,14.26,Ford Motor,10+ years,MORTGAGE,60000.0,Fully Paid,small_business,MI,6.54,730.0,734.0
5500.0,12.87,Hallmark Marketing Corp. & Mosiac Inc.,1 year,MORTGAGE,9600.0,Fully Paid,debt_consolidation,CA,4.75,690.0,694.0
5000.0,11.14,Stephen Lynch,2 years,RENT,23000.0,Fully Paid,debt_consolidation,NY,4.33,725.0,729.0
1500.0,13.92,M&M Contract Cleaning Inc,< 1 year,RENT,30000.0,Fully Paid,other,MA,19.08,665.0,669.0
10000.0,14.26,,5 years,RENT,116000.0,Fully Paid,she recently made it clear she's eager to get engaged. (Or maybe I've been missing subtle clues for a while.) In any event,major_purchase,Surprise Engagement,15.74,0.0
22400.0,16.7,Loyola University Maryland,< 1 year,RENT,85000.0,Fully Paid,major_purchase,FL,8.3,715.0,719.0
3000.0,13.92,,< 1 year,RENT,36000.0,Fully Paid,debt_consolidation,CA,8.77,680.0,684.0
5000.0,8.59,,< 1 year,MORTGAGE,20000.0,Fully Paid,debt_consolidation,CO,6.3,740.0,744.0
10000.0,8.59,Element Funding,< 1 year,OWN,150000.0,Fully Paid,I am married and my husband makes around 80-90K per year.  Since these are all my credit cards,but I usually pay these off every month - and I have an account just opened with a balance of $2100 that is 6 months same as cash (a new furniture purchase) that I will pay off in the 6 month period so I did not want to include this in the consolidation since it was 0% interest.<br/><br/>I usually pay all household bills with my income - mortgage,utilities,Capital One($500),Capital One ($2768) and Discover($1490).  I always pay more than the minimum payments
14000.0,11.48,Efficient Frontier,2 years,RENT,55000.0,Fully Paid,debt_consolidation,NY,6.2,725.0,729.0
12000.0,11.83,nucor steel,< 1 year,RENT,30000.0,Fully Paid,debt_consolidation,IL,15.16,720.0,724.0
5000.0,17.39,,< 1 year,OWN,77000.0,Charged Off,small_business,CT,23.19,685.0,689.0
10000.0,12.53,Blood Systems Laboratories,7 years,MORTGAGE,84000.0,Fully Paid,other,TX,20.86,700.0,704.0
2000.0,11.83,Factset,2 years,RENT,57500.0,Fully Paid,credit_card,CA,17.16,690.0,694.0
10000.0,8.59,"crisafi, pryor & farquhar, Inc",9 years,RENT,103000.0,Fully Paid,debt_consolidation,CA,15.22,750.0,754.0
5875.0,7.74,,< 1 year,MORTGAGE,371000.0,Fully Paid,stocks,000 -- all of which will be invested in Lending Club loans.  I have no other debt,excpet for a $1 milliion mortgage ($4,809,"and 821 by the 3 rating agencies.  Please let me know if you have any questions.  Thanks!<br/>\""
12000.0,8.94,,< 1 year,RENT,38200.08,Fully Paid,debt_consolidation,NJ,0.94,795.0,799.0
24250.0,15.31,Eagle Investment Systems LLC,9 years,OWN,127500.0,Fully Paid,debt_consolidation,CT,9.71,680.0,684.0
8000.0,13.22,MidWest Television,3 years,RENT,61000.0,Fully Paid,credit_card,CA,17.01,690.0,694.0
3100.0,8.94,Freeport McMoran Copper and Gold,10+ years,MORTGAGE,48000.0,Fully Paid,debt_consolidation,CT,21.75,715.0,719.0
4325.0,7.74,Aspire Communications,4 years,OWN,95327.44,Fully Paid,medical,CA,0.96,795.0,799.0
6400.0,7.4,Hewlett Packard,7 years,MORTGAGE,1440000.0,Fully Paid,major_purchase,CA,0.0,770.0,774.0
12000.0,14.26,Covington & Burling LLP,4 years,RENT,85000.0,Charged Off,debt_consolidation,MD,15.78,705.0,709.0
5000.0,11.14,juno beach fish house,3 years,RENT,38400.0,Fully Paid,major_purchase,FL,2.84,710.0,714.0
4000.0,13.22,Siam River,< 1 year,RENT,18000.0,Fully Paid,other,FL,2.47,700.0,704.0
8000.0,7.74,,< 1 year,RENT,30000.0,Fully Paid,debt_consolidation,NH,12.52,790.0,794.0
25000.0,11.48,Americare,6 years,MORTGAGE,63000.0,Fully Paid,home_improvement,MO,10.17,800.0,804.0
8000.0,12.53,Curtiss Wright Controls,1 year,RENT,123000.0,Fully Paid,other,CA,12.06,695.0,699.0
12000.0,12.18,Pricewaterhousecoopers,2 years,RENT,74000.0,Fully Paid,debt_consolidation,OH,0.84,710.0,714.0
20000.0,11.83,Info-Link Technologies Inc.,5 years,OWN,84000.0,Fully Paid,debt_consolidation,OH,14.67,745.0,749.0
6000.0,11.83,Lockheed Martin,4 years,MORTGAGE,59959.0,Fully Paid,"000/year salary.  I'm not struggling to make any payments and this is not an emergency loan.  I would rather pay honest individuals interest than the greedy credit card companies.<br/>\"",760xx,TX,Sep-2001,700.0
5600.0,8.59,Mercer Investment Consulting,4 years,RENT,56000.0,Fully Paid,other,IL,18.06,740.0,744.0
3000.0,8.94,DEPARTMENT OF EDUCATION,< 1 year,RENT,54000.0,Fully Paid,other,NY,13.42,720.0,724.0
3000.0,7.05,,< 1 year,MORTGAGE,52000.0,Fully Paid,other,MO,11.22,775.0,779.0
3250.0,12.53,noyes memorial hospital,< 1 year,OWN,28000.0,Fully Paid,debt_consolidation,NY,22.54,685.0,689.0
25000.0,11.83,"McNair, McLemore, Middlebrooks & Company",10+ years,MORTGAGE,98000.0,Fully Paid,debt_consolidation,GA,15.6,750.0,754.0
10000.0,8.59,Progressive Insurance,2 years,MORTGAGE,44500.0,Fully Paid,debt_consolidation,LA,3.42,750.0,754.0
10000.0,12.18,Verizon,10+ years,OWN,85000.0,Fully Paid,home_improvement,NJ,0.52,710.0,714.0
10000.0,12.18,Lehigh Valley Hospital,1 year,RENT,48000.0,Fully Paid,other,PA,10.68,705.0,709.0
6000.0,12.18,City of Houston,< 1 year,RENT,51541.36,Fully Paid,other,TX,4.68,720.0,724.0
7500.0,12.53,Harris Corporation,2 years,RENT,57000.0,Fully Paid,car,PA,11.28,695.0,699.0
24250.0,11.48,,< 1 year,MORTGAGE,200000.0,Fully Paid,debt_consolidation,NY,5.18,775.0,779.0
22000.0,11.48,MAD MATT'S Bar & Grille,8 years,RENT,89650.0,Charged Off,car,NV,0.56,800.0,804.0
15000.0,12.87,Care1st Health Plan,2 years,MORTGAGE,87000.0,Charged Off,debt_consolidation,CA,13.38,705.0,709.0
5000.0,14.26,Ropes & Gray LLP,1 year,RENT,40000.0,Fully Paid,debt_consolidation,MA,1.65,680.0,684.0
8000.0,14.96,Swiss Re Financial Services Corporation,1 year,RENT,65000.0,Fully Paid,wedding,NY,6.65,660.0,664.0
14400.0,11.14,Mayer Brown LLP,2 years,OWN,115000.0,Fully Paid,debt_consolidation,IL,11.3,730.0,734.0
12000.0,12.87,Targus Information Corporation,2 years,RENT,48715.0,Fully Paid,debt_consolidation,VA,21.06,690.0,694.0
12000.0,11.83,,< 1 year,MORTGAGE,35400.0,Charged Off,debt_consolidation,CA,5.69,720.0,724.0
10000.0,12.87,Union Bank,1 year,OWN,45000.0,Fully Paid,debt_consolidation,CA,17.89,695.0,699.0
8000.0,14.96,Atlantic Development and Coal,2 years,OWN,85000.0,Fully Paid,home_improvement,WV,17.34,665.0,669.0
1800.0,12.53,,< 1 year,RENT,39240.0,Fully Paid,medical,MO,11.9,680.0,684.0
3000.0,7.05,U. S. Postal Service,10+ years,MORTGAGE,54000.0,Fully Paid,debt_consolidation,TX,13.67,795.0,799.0
3500.0,7.05,"United Water System, Inc",3 years,OWN,14400.0,Fully Paid,other,LA,23.42,790.0,794.0
8000.0,12.18,University of Massachusetts,5 years,RENT,36000.0,Charged Off,debt_consolidation,MA,17.27,700.0,704.0
4800.0,13.57,JPMorganChase,4 years,RENT,250000.0,Fully Paid,major_purchase,NY,0.89,680.0,684.0
5000.0,11.14,Maricopa County Library District,< 1 year,RENT,51200.0,Fully Paid,medical,AZ,13.31,770.0,774.0
3000.0,7.05,Frontier Refining Inc.,2 years,MORTGAGE,45000.0,Fully Paid,debt_consolidation,WY,7.44,770.0,774.0
1000.0,11.48,U.S. Army,3 years,OWN,25200.0,Fully Paid,educational,FL,0.29,710.0,714.0
11000.0,14.26,Ashland County,5 years,OWN,46976.0,Fully Paid,debt_consolidation,OH,22.84,675.0,679.0
10000.0,15.65,Worldwide Refinishing Systems,7 years,MORTGAGE,82500.0,Fully Paid,debt_consolidation,TX,22.23,660.0,664.0
25000.0,12.18,Family Tree DNA,2 years,MORTGAGE,105000.0,Fully Paid,major_purchase,TX,8.21,760.0,764.0
5500.0,8.59,,1 year,MORTGAGE,32400.0,Fully Paid,debt_consolidation,NY,17.37,770.0,774.0
20000.0,17.04,"Apple, Inc.",< 1 year,RENT,125000.0,Fully Paid,debt_consolidation,CA,9.66,665.0,669.0
1600.0,7.4,Myriad Genetics,2 years,MORTGAGE,33300.0,Fully Paid,other,UT,3.46,750.0,754.0
13000.0,8.94,Department of Veteran Affairs,< 1 year,RENT,60000.0,Fully Paid,debt_consolidation,WA,24.12,755.0,759.0
8000.0,13.22,Fisk Industries,5 years,RENT,52000.0,Fully Paid,debt_consolidation,NY,8.58,695.0,699.0
23000.0,12.18,Deliotte/ BearingPoint,5 years,RENT,112000.0,Fully Paid,debt_consolidation,DC,14.96,735.0,739.0
14500.0,17.04,,< 1 year,RENT,30600.0,Charged Off,debt_consolidation,WA,12.98,670.0,674.0
19000.0,14.96,Texas Department of Transportaion,4 years,RENT,48384.0,Fully Paid,debt_consolidation,TX,17.34,685.0,689.0
5500.0,14.61,Lockheed Martin Corporation,5 years,OWN,87000.0,Fully Paid,debt_consolidation,MD,8.06,665.0,669.0
2500.0,13.22,Wachovia Dealer Services,6 years,MORTGAGE,31323.0,Charged Off,debt_consolidation,IL,14.56,725.0,729.0
9975.0,11.48,county of san diego,1 year,RENT,24148.0,Fully Paid,debt_consolidation,CA,15.6,725.0,729.0
10000.0,8.59,phil long ford,10+ years,RENT,36000.0,Fully Paid,debt_consolidation,CO,3.47,765.0,769.0
7000.0,8.59,PNI,7 years,RENT,56000.0,Fully Paid,debt_consolidation,TX,9.11,760.0,764.0
13000.0,14.61,Coast Real Estate Services,< 1 year,RENT,39600.0,Fully Paid,debt_consolidation,WA,21.39,675.0,679.0
12000.0,11.14,"Music Exchange, Inc.",6 years,OWN,40000.0,Fully Paid,debt_consolidation,CA,16.71,750.0,754.0
10000.0,12.18,irs,< 1 year,RENT,40000.0,Fully Paid,debt_consolidation,NY,16.14,705.0,709.0
20000.0,14.26,Accuvant Inc,4 years,RENT,120000.0,Fully Paid,educational,CO,20.09,690.0,694.0
9600.0,15.31,The Service Pro.Net,6 years,MORTGAGE,70800.0,Fully Paid,other,OH,21.31,670.0,674.0
7000.0,14.96,L3 communications,6 years,OWN,150000.0,Fully Paid,other,OR,0.24,680.0,684.0
19000.0,12.18,Data Foundry,4 years,RENT,39900.0,Fully Paid,debt_consolidation,TX,13.71,735.0,739.0
7000.0,7.74,Kroger,10+ years,MORTGAGE,26000.0,Fully Paid,car,AR,4.29,770.0,774.0
2000.0,12.53,Alexandria Care Center,2 years,RENT,32000.0,Charged Off,other,CA,9.04,685.0,689.0
6000.0,11.83,Waterbury Hospital,4 years,MORTGAGE,200000.0,Fully Paid,home_improvement,CT,15.1,700.0,704.0
13500.0,11.14,,< 1 year,MORTGAGE,48526.8,Fully Paid,other,NY,17.48,740.0,744.0
8000.0,15.31,Mastro's Steakhouse,5 years,RENT,61000.0,Charged Off,debt_consolidation,CA,0.49,675.0,679.0
10400.0,11.14,Body Scapes Fitness,< 1 year,OWN,42000.0,Fully Paid,debt_consolidation,NH,9.2,730.0,734.0
9500.0,12.53,Calgon Carbon Corp,1 year,RENT,57000.0,Fully Paid,debt_consolidation,PA,10.78,700.0,704.0
14600.0,15.65,FIRST AMERICAN,3 years,OWN,97000.0,Charged Off,debt_consolidation,TX,18.73,660.0,664.0
7000.0,13.57,CompuCom Systems,10+ years,MORTGAGE,63000.0,Fully Paid,credit_card,TX,19.2,675.0,679.0
16000.0,15.65,United State Postal Service,10+ years,MORTGAGE,53684.0,Fully Paid,debt_consolidation,OH,12.94,675.0,679.0
20000.0,12.18,SageFire,2 years,MORTGAGE,65000.0,Fully Paid,debt_consolidation,CO,15.1,720.0,724.0
4000.0,17.39,AIG,2 years,RENT,88000.0,Fully Paid,credit_card,NY,23.81,660.0,664.0
9475.0,8.94,City of Zeigler,9 years,OWN,27000.0,Fully Paid,debt_consolidation,IL,7.07,750.0,754.0
8400.0,13.92,Advantage Business Consulting,2 years,RENT,33280.0,Fully Paid,debt_consolidation,OH,18.48,680.0,684.0
6000.0,13.22,Octopus Car Care,10+ years,RENT,45000.0,Charged Off,debt_consolidation,IL,15.36,680.0,684.0
15000.0,15.65,mss multi sponsor studies,< 1 year,OWN,80832.0,Fully Paid,home_improvement,AZ,9.47,675.0,679.0
15000.0,15.65,,< 1 year,MORTGAGE,160000.0,Charged Off,debt_consolidation,CA,3.41,685.0,689.0
5000.0,13.57,PERRY MEMORIAL,10+ years,MORTGAGE,33600.0,Fully Paid,debt_consolidation,OK,10.71,675.0,679.0
7000.0,7.74,RBC Wealth Management,6 years,RENT,70000.0,Fully Paid,educational,MN,12.32,750.0,754.0
6000.0,12.87,,< 1 year,MORTGAGE,14664.0,Fully Paid,medical,PA,5.81,680.0,684.0
9250.0,13.57,Children's National Medical Center,3 years,RENT,28800.0,Fully Paid,other,DC,19.26,700.0,704.0
6000.0,8.59,Federal Deposit Insurance Corporation,2 years,RENT,55600.0,Fully Paid,debt_consolidation,TX,24.0,730.0,734.0
10000.0,8.59,Church of God,10+ years,MORTGAGE,70000.0,Fully Paid,debt_consolidation,CA,4.15,780.0,784.0
4900.0,14.26,Clinical Lab Partners,1 year,RENT,26880.0,Fully Paid,debt_consolidation,CT,23.75,720.0,724.0
14500.0,16.7,Gables Executives Offices,4 years,RENT,28800.0,Charged Off,other,FL,7.54,675.0,679.0
2000.0,13.57,BASS UNDERWRITERS INC,4 years,OWN,22000.0,Fully Paid,other,FL,19.25,705.0,709.0
5600.0,7.74,Cheesecake Factory,1 year,RENT,30000.0,Fully Paid,car,CA,6.68,760.0,764.0
3600.0,11.83,grandstands international,< 1 year,RENT,35000.0,Fully Paid,other,CO,13.92,710.0,714.0
8000.0,14.61,Milford Plaza,2 years,RENT,61000.0,Charged Off,wedding,NJ,12.59,665.0,669.0
6800.0,15.65,"SEI Investments, Co",2 years,RENT,52000.0,Fully Paid,debt_consolidation,PA,22.71,660.0,664.0
15000.0,13.22,Long Wave Inc,4 years,RENT,35000.0,Fully Paid,debt_consolidation,TX,17.93,695.0,699.0
10000.0,8.59,Self,9 years,OWN,100000.0,Fully Paid,debt_consolidation,IL,0.22,790.0,794.0
16000.0,12.87,AFT,8 years,RENT,55000.0,Fully Paid,debt_consolidation,CA,17.93,715.0,719.0
2500.0,18.78,American Public Media,< 1 year,RENT,65000.0,Fully Paid,small_business,MN,2.79,660.0,664.0
4750.0,14.96,Agua Caliente Casino,2 years,OWN,25920.0,Charged Off,other,CA,22.36,660.0,664.0
21600.0,13.22,,< 1 year,MORTGAGE,313000.0,Fully Paid,debt_consolidation,MA,10.49,715.0,719.0
18500.0,12.18,Titan Technology,2 years,MORTGAGE,108000.0,Fully Paid,debt_consolidation,IL,2.38,720.0,724.0
16000.0,16.0,powerline,< 1 year,RENT,48000.0,Charged Off,credit_card,CA,20.6,660.0,664.0
10500.0,11.48,U. S. Coast Guard,9 years,RENT,58000.0,Fully Paid,debt_consolidation,PA,6.23,740.0,744.0
10000.0,11.83,SPECTRA,3 years,RENT,25000.0,Fully Paid,debt_consolidation,CA,12.96,740.0,744.0
13000.0,15.31,Christophe,10+ years,RENT,42000.0,Fully Paid,other,CA,21.51,670.0,674.0
10000.0,8.59,B&G Crane Service,< 1 year,OWN,91000.0,Fully Paid,home_improvement,LA,2.94,750.0,754.0
10000.0,11.48,inet,5 years,RENT,36000.0,Fully Paid,car,CA,0.5,775.0,779.0
6000.0,13.92,Baylor University,3 years,RENT,28000.0,Fully Paid,debt_consolidation,TX,15.64,670.0,674.0
1200.0,14.61,,< 1 year,RENT,40000.0,Fully Paid,medical,FL,16.35,660.0,664.0
5000.0,7.4,petrillos used auto parts,10+ years,RENT,50000.0,Fully Paid,debt_consolidation,CT,17.93,770.0,774.0
10800.0,13.57,State Farm Insurance,6 years,RENT,32000.0,Fully Paid,debt_consolidation,CT,11.63,680.0,684.0
1000.0,8.59,Legitime technologies,< 1 year,RENT,75000.0,Charged Off,medical,NJ,2.42,750.0,754.0
9000.0,15.31,Morgan Stanely Smith Barney,6 years,RENT,44482.0,Fully Paid,debt_consolidation,NY,6.74,660.0,664.0
11000.0,12.53,"U.S. Government, Dept of Homeland Securi",3 years,RENT,81600.0,Fully Paid,"other banks said I was too young to have this kind of loan. I guess private investors win on a loan amount that'll be returned before the end of next summer... I just got the three year because the interest rate wasn't that much lower for a one or two year.<br/> 568147 added on 11/05/09 > By the way investors...since this site says I my job is \"\"unverified\"\" please feel free to send me an email on my government account for easy verification.  I am done for today","it looks like all I'm waiting for is 70% more in funding by investors and we will be all set.<br/> 568147 added on 11/09/09 > Thank you to all investors. I should be at $11000 by this afternoon. Thanks for being a part of this. This website allows young people with good credit get loans without having to listen to the wrath of the traditional banks... This type of capital is what makes America great.<br/>\"",other,NJ,5.12
5000.0,8.94,Moores Electric,1 year,RENT,57600.0,Charged Off,debt_consolidation,VA,14.33,725.0,729.0
8000.0,7.74,LENOX HILL HOSPTIAL,2 years,RENT,85000.0,Fully Paid,other,NY,7.06,775.0,779.0
5000.0,8.59,,< 1 year,MORTGAGE,90000.0,Charged Off,major_purchase,MA,12.59,740.0,744.0
16000.0,13.92,University of California,10+ years,RENT,89100.0,Fully Paid,credit_card,CA,16.51,690.0,694.0
10000.0,8.94,Torrance Memorial Medical Center,< 1 year,MORTGAGE,75670.0,Fully Paid,home_improvement,CA,5.58,760.0,764.0
15000.0,8.94,U.S. Army Corps Engineers,10+ years,RENT,75000.0,Fully Paid,credit_card,CA,5.55,775.0,779.0
5000.0,16.35,SOUTH BAY MOTORS,4 years,RENT,60000.0,Charged Off,other,CA,3.16,665.0,669.0
18000.0,14.61,TIAA-CREF,4 years,MORTGAGE,56000.0,Fully Paid,debt_consolidation,NY,12.73,680.0,684.0
1500.0,11.48,macarroni grill,5 years,RENT,33000.0,Fully Paid,home_improvement,CA,23.67,755.0,759.0
7500.0,8.59,Portland Public Schools,10+ years,MORTGAGE,62000.0,Fully Paid,educational,OR,0.0,780.0,784.0
24250.0,12.87,U.S. Army,10+ years,RENT,168750.0,Fully Paid,other,HI,13.7,720.0,724.0
25000.0,12.18,,< 1 year,RENT,200000.0,Charged Off,debt_consolidation,UT,6.28,735.0,739.0
1000.0,11.48,,< 1 year,MORTGAGE,25200.0,Charged Off,medical,CA,11.57,700.0,704.0
3000.0,11.83,IBEW local 236,< 1 year,RENT,17400.0,Charged Off,moving,NY,20.34,730.0,734.0
5000.0,8.94,swaun funding group,6 years,MORTGAGE,53000.0,Fully Paid,debt_consolidation,NJ,24.34,730.0,734.0
23200.0,16.0,,< 1 year,MORTGAGE,75000.0,Fully Paid,small_business,WA,0.56,750.0,754.0
4900.0,8.94,Getty Images,2 years,RENT,107000.0,Fully Paid,debt_consolidation,WA,10.65,725.0,729.0
6000.0,7.74,Harper's Restaurant,< 1 year,MORTGAGE,40000.0,Fully Paid,debt_consolidation,SC,11.58,760.0,764.0
10000.0,14.26,IBTTA,6 years,RENT,93000.0,Fully Paid,debt_consolidation,VA,4.27,675.0,679.0
19750.0,21.21,FW MADIGAN cOMPANY,< 1 year,MORTGAGE,125000.0,Charged Off,debt_consolidation,MA,19.87,660.0,664.0
5000.0,14.26,,< 1 year,RENT,90000.0,Fully Paid,debt_consolidation,FL,15.6,725.0,729.0
3500.0,12.53,Data Doctors,3 years,MORTGAGE,29000.0,Fully Paid,car,AZ,6.91,690.0,694.0
25000.0,14.96,Lockheed Martin Corp.,10+ years,MORTGAGE,112000.0,Fully Paid,debt_consolidation,CO,19.09,705.0,709.0
3250.0,8.59,,< 1 year,RENT,6000.0,Charged Off,debt_consolidation,NJ,6.0,730.0,734.0
15000.0,11.48,Morgan Stanley Smith Barney,2 years,RENT,80000.0,Fully Paid,credit_card,CA,14.31,735.0,739.0
16000.0,12.18,OHSU,8 years,RENT,120000.0,Fully Paid,credit_card,OR,21.58,720.0,724.0
5000.0,11.14,ibc (wonder bread Hostess),3 years,MORTGAGE,50000.0,Fully Paid,credit_card,MD,5.88,715.0,719.0
16000.0,13.22,Prince George's County Government,10+ years,MORTGAGE,89000.0,Fully Paid,debt_consolidation,MD,5.66,730.0,734.0
10000.0,8.59,University of Alabama,< 1 year,RENT,80000.0,Fully Paid,other,AL,6.52,800.0,804.0
6000.0,11.48,Colite Outdoor,5 years,RENT,50000.0,Fully Paid,debt_consolidation,FL,1.87,715.0,719.0
10000.0,8.59,Teva Pharmaceuticals,5 years,RENT,53000.0,Fully Paid,major_purchase,NY,15.31,750.0,754.0
9500.0,8.59,Knox College,2 years,RENT,36000.0,Fully Paid,debt_consolidation,IL,20.7,755.0,759.0
9800.0,8.59,"Germfree Laboratories, Inc.",4 years,RENT,60000.0,Fully Paid,major_purchase,FL,14.46,790.0,794.0
8500.0,12.53,Novozymes,2 years,MORTGAGE,49000.0,Fully Paid,debt_consolidation,NY,19.06,710.0,714.0
7000.0,8.94,"Williams, Smith & Summers",10+ years,MORTGAGE,54000.0,Fully Paid,"you are eligible to receive a second loan with us.\"\"  We have had such a good experience that we thought we'd finish off our last remaining credit cards and hopefully soon sign up to be a lender for someone who needs a little help.\"",327xx,FL,Apr-1995,730.0
4000.0,7.4,brown and toland physicians,4 years,OWN,133000.0,Fully Paid,home_improvement,CA,1.72,770.0,774.0
5000.0,11.83,Givaudan Flavors Corp.,7 years,RENT,85000.0,Fully Paid,other,KY,20.57,715.0,719.0
4800.0,16.0,Citigroup,10+ years,MORTGAGE,98000.0,Fully Paid,debt_consolidation,NJ,6.06,660.0,664.0
15250.0,12.53,WPPI Energy,9 years,RENT,36100.0,Fully Paid,debt_consolidation,WI,20.78,705.0,709.0
15000.0,16.0,Chipotle Mexican Grill,4 years,RENT,65000.0,Fully Paid,debt_consolidation,OH,5.72,675.0,679.0
12000.0,12.53,Johns Hopkins University,9 years,RENT,55000.0,Fully Paid,debt_consolidation,MD,15.4,700.0,704.0
4000.0,13.92,CJ HANSEN CO. INC.,3 years,RENT,22000.0,Fully Paid,debt_consolidation,OR,21.49,665.0,669.0
10000.0,8.94,Marvin Millwork & Cabinetry,9 years,MORTGAGE,35360.0,Fully Paid,home_improvement,PA,12.52,810.0,814.0
17000.0,11.83,Parkland Hospital,10+ years,MORTGAGE,46654.4,Fully Paid,debt_consolidation,TX,3.65,720.0,724.0
8000.0,13.92,,2 years,MORTGAGE,60000.0,Fully Paid,debt_consolidation,UT,6.42,675.0,679.0
24000.0,12.87,Microsoft Corporation,10+ years,MORTGAGE,180488.08,Fully Paid,000,Tax Loan,981xx,0.0,Oct-2001
14000.0,18.09,Wells Fargo,< 1 year,OWN,31200.0,Fully Paid,debt_consolidation,CA,11.73,660.0,664.0
5000.0,12.18,AT&T,2 years,RENT,43900.0,Charged Off,other,GA,8.67,690.0,694.0
2000.0,7.4,T-Mobile,1 year,MORTGAGE,80000.0,Fully Paid,moving,WA,3.92,750.0,754.0
8000.0,8.94,URS Corporation,10+ years,MORTGAGE,114400.0,Fully Paid,credit_card,PA,11.87,740.0,744.0
5000.0,8.94,Spectrum Health,6 years,RENT,27972.0,Fully Paid,debt_consolidation,MI,6.13,740.0,744.0
10000.0,13.57,Gcisd,10+ years,RENT,50000.0,Fully Paid,debt_consolidation,TX,15.53,700.0,704.0
4000.0,14.61,The Cheesecake Factory,3 years,RENT,39000.0,Fully Paid,wedding,CA,10.68,720.0,724.0
9250.0,8.59,us army,< 1 year,MORTGAGE,66000.0,Fully Paid,debt_consolidation,GA,14.16,745.0,749.0
25000.0,11.83,City of Chicago,10+ years,MORTGAGE,75000.0,Fully Paid,debt_consolidation,IL,8.74,805.0,809.0
1200.0,7.4,Smyrna school district,10+ years,MORTGAGE,60000.0,Fully Paid,major_purchase,DE,6.8,760.0,764.0
4200.0,15.31,,2 years,RENT,30000.0,Charged Off,other,MI,9.8,665.0,669.0
6000.0,11.83,US Army,10+ years,RENT,57016.44,Fully Paid,wedding,TX,14.77,720.0,724.0
15250.0,16.35,State Attorney's Office,4 years,OWN,55000.0,Fully Paid,debt_consolidation,FL,23.21,675.0,679.0
16000.0,12.18,Qualitrol Company LLC,10+ years,RENT,44000.0,Fully Paid,debt_consolidation,NY,17.4,715.0,719.0
10000.0,13.22,"City of Palo Alto, CA",2 years,RENT,110000.0,Fully Paid,major_purchase,CA,9.86,685.0,689.0
6400.0,8.94,,< 1 year,MORTGAGE,45600.0,Fully Paid,other,CA,0.26,780.0,784.0
2000.0,11.48,leslie digital imaging,5 years,RENT,50000.0,Fully Paid,other,NY,12.03,710.0,714.0
15000.0,13.57,,3 years,MORTGAGE,44500.0,Fully Paid,other,VA,4.88,715.0,719.0
11000.0,11.14,PRICEWATERHOUSECOOPERS,6 years,MORTGAGE,102368.0,Fully Paid,wedding,CA,1.54,755.0,759.0
8700.0,14.61,Serra Manufactoring,4 years,RENT,28320.0,Fully Paid,debt_consolidation,CA,11.27,685.0,689.0
15000.0,13.22,Brookline Bank,3 years,RENT,32240.0,Fully Paid,debt_consolidation,MA,15.63,705.0,709.0
1200.0,13.22,MMS,9 years,MORTGAGE,74000.0,Fully Paid,other,MA,9.75,670.0,674.0
4400.0,13.92,FASHION INSTITUTE OF DESIGN,3 years,RENT,20064.0,Fully Paid,debt_consolidation,CA,17.58,675.0,679.0
3200.0,14.61,Dell Inc,< 1 year,RENT,77000.0,Fully Paid,debt_consolidation,TX,16.44,660.0,664.0
3400.0,7.4,Jennifer Eyrich,2 years,MORTGAGE,40000.0,Fully Paid,moving,CA,15.03,755.0,759.0
24250.0,16.0,Allergan,< 1 year,RENT,120000.0,Charged Off,debt_consolidation,CA,18.08,755.0,759.0
6400.0,12.87,Novellus Systems Inc.,9 years,RENT,70775.0,Charged Off,major_purchase,CA,11.09,685.0,689.0
6000.0,7.74,Riviera broadcast group LLC,7 years,OWN,43000.0,Fully Paid,debt_consolidation,AZ,23.22,760.0,764.0
10000.0,11.14,c n j contracting co,6 years,RENT,49920.0,Fully Paid,credit_card,CA,19.31,720.0,724.0
20000.0,11.83,"Bob Bauer's Best, Inc.",2 years,RENT,55000.0,Fully Paid,debt_consolidation,CA,13.13,740.0,744.0
8650.0,8.94,Orphic Workshop,4 years,RENT,30000.0,Fully Paid,credit_card,NM,11.8,765.0,769.0
3000.0,8.59,City of Aurora,2 years,MORTGAGE,38500.0,Fully Paid,home_improvement,CO,5.61,725.0,729.0
12000.0,14.26,U.S. Bureau of Economic Analysis,3 years,RENT,60000.0,Fully Paid,credit_card,VA,16.28,700.0,704.0
6000.0,8.59,Sweetbay Supermarkets,4 years,MORTGAGE,41000.0,Fully Paid,debt_consolidation,FL,13.23,745.0,749.0
21000.0,11.48,Weld County Government,6 years,MORTGAGE,57564.0,Fully Paid,other,CO,10.53,755.0,759.0
8000.0,11.83,Dow Jones & Co,10+ years,RENT,55000.0,Fully Paid,other,NJ,17.72,710.0,714.0
10200.0,8.94,Eodt,1 year,RENT,85000.0,Fully Paid,house,NY,0.0,755.0,759.0
4000.0,12.87,Home Depot,1 year,RENT,21300.0,Fully Paid,credit_card,TX,10.08,700.0,704.0
8000.0,14.96,Health Choice Medical,4 years,RENT,62400.0,Charged Off,house,CA,4.5,710.0,714.0
12000.0,12.87,Aspire Technologies,2 years,RENT,50400.0,Fully Paid,which was a swindle from the start.  The interest rate for the loan sits right now at 19.99% and will likely increase; regardless of my pristine payment history on every account I've had with them and a consistent overpayment of the minimum,more personable pastures.  I never make late payments and my income is steady and secure with a software company that is still growing - this investment is about as secure as they come. 565220 added on 10/29/09 > In regards to credit report,the only negative is a $23 balance for an old $60 medical bill that never reached me.  It was sent to a collections agency,"thanks to all the investors so far!<br/>\"",credit_card
3500.0,12.87,PEQ Service + Solutions,1 year,RENT,74000.0,Fully Paid,other,HI,9.34,695.0,699.0
5000.0,7.74,PwC,2 years,RENT,63000.0,Fully Paid,educational,MD,0.38,780.0,784.0
8400.0,12.53,RBS Sempra Commodities,5 years,RENT,140000.0,Fully Paid,credit_card,CT,8.36,695.0,699.0
11500.0,13.92,DELL Inc,6 years,MORTGAGE,65000.0,Fully Paid,credit_card,TX,14.88,680.0,684.0
5000.0,12.87,Oak Hill Hospital,< 1 year,MORTGAGE,52800.0,Charged Off,home_improvement,FL,16.57,680.0,684.0
6000.0,11.14,shannon medical center,8 years,MORTGAGE,900000.0,Fully Paid,major_purchase,TX,1.7,720.0,724.0
11000.0,14.61,USIS,6 years,RENT,55000.0,Fully Paid,debt_consolidation,FL,19.03,690.0,694.0
8000.0,12.18,Cracker Barrel Old Country Stores,2 years,RENT,13500.0,Fully Paid,major_purchase,MA,1.24,745.0,749.0
9500.0,15.31,delaware north co.,4 years,MORTGAGE,36000.0,Charged Off,debt_consolidation,MI,21.87,665.0,669.0
6000.0,8.94,Kohler Company,7 years,RENT,42000.0,Fully Paid,credit_card,WI,21.2,725.0,729.0
2500.0,7.4,Union Tank Car Company,7 years,MORTGAGE,53000.0,Fully Paid,other,LA,14.9,765.0,769.0
7750.0,12.87,,< 1 year,RENT,26400.0,Fully Paid,debt_consolidation,CA,20.14,690.0,694.0
25000.0,15.31,Herbalife International,2 years,MORTGAGE,142000.0,Fully Paid,small_business,CA,7.31,745.0,749.0
8000.0,12.87,,1 year,MORTGAGE,84000.0,Charged Off,credit_card,TX,6.19,725.0,729.0
7750.0,12.53,,< 1 year,MORTGAGE,23868.0,Charged Off,credit_card,NY,3.27,755.0,759.0
23000.0,18.43,MeadWestvaco,< 1 year,MORTGAGE,135000.0,Fully Paid,small_business,VA,6.73,685.0,689.0
4500.0,14.61,Huber and Waldron,8 years,OWN,50000.0,Fully Paid,debt_consolidation,PA,19.78,735.0,739.0
17500.0,12.18,,10+ years,MORTGAGE,48000.0,Fully Paid,home_improvement,VA,12.7,715.0,719.0
11000.0,12.18,Towers Perrin,2 years,RENT,41000.0,Fully Paid,debt_consolidation,PA,21.69,705.0,709.0
9250.0,11.48,meijer,< 1 year,RENT,28000.0,Fully Paid,debt_consolidation,MI,18.9,715.0,719.0
10000.0,14.26,Uno Chicago Grill LLC,< 1 year,RENT,52500.0,Charged Off,debt_consolidation,MA,13.49,685.0,689.0
10000.0,12.18,Halloran & Sage LLP,4 years,MORTGAGE,62000.0,Fully Paid,debt_consolidation,CT,10.88,715.0,719.0
4000.0,7.4,Room & Board,7 years,RENT,50000.0,Fully Paid,debt_consolidation,CA,5.23,785.0,789.0
20000.0,16.0,Augmentity,3 years,MORTGAGE,160000.0,Fully Paid,small_business,TX,5.31,715.0,719.0
5200.0,12.53,Commerce bank,5 years,RENT,26000.0,Fully Paid,debt_consolidation,IL,21.0,690.0,694.0
6250.0,14.96,Hendrickson Electric,4 years,RENT,29640.0,Fully Paid,debt_consolidation,FL,20.69,660.0,664.0
20000.0,13.22,Ames True Temper,7 years,OWN,61000.0,Fully Paid,house,PA,9.68,710.0,714.0
12000.0,11.83,"Nortel Government Solutions, Inc",5 years,RENT,123000.0,Fully Paid,moving,VA,15.88,720.0,724.0
1000.0,11.48,The Man,< 1 year,MORTGAGE,36000.0,Fully Paid,other,PA,1.03,740.0,744.0
1000.0,14.26,TCBY,2 years,RENT,7000.0,Fully Paid,car,WV,13.54,675.0,679.0
6000.0,7.4,Whittier Goodrich Phar,9 years,RENT,35392.32,Fully Paid,debt_consolidation,CA,0.85,780.0,784.0
18000.0,13.57,Duty Free Americas,7 years,RENT,44000.0,Fully Paid,debt_consolidation,NY,6.33,690.0,694.0
5000.0,14.96,"Astra Zeneca LP, Inc.",6 years,RENT,116300.0,Fully Paid,debt_consolidation,CA,12.71,675.0,679.0
6400.0,12.87,Hopkinton Pediatric Dental,2 years,RENT,30000.0,Fully Paid,debt_consolidation,MA,20.12,690.0,694.0
12000.0,12.53,Telsmith,1 year,RENT,51500.0,Fully Paid,debt_consolidation,WI,9.27,740.0,744.0
3750.0,15.65,Huntington Beach Hospital,3 years,RENT,21000.0,Fully Paid,credit_card,CA,18.91,695.0,699.0
9000.0,16.0,,10+ years,RENT,88115.0,Fully Paid,debt_consolidation,CA,5.32,695.0,699.0
10000.0,12.18,Baker Furniture,8 years,OWN,68000.0,Fully Paid,major_purchase,MI,5.36,710.0,714.0
12000.0,11.14,s.a. halac iron works inc.,10+ years,MORTGAGE,75000.0,Charged Off,wedding,VA,7.82,735.0,739.0
11500.0,15.31,Applied Systems,2 years,RENT,34500.0,Fully Paid,debt_consolidation,IL,20.35,665.0,669.0
2400.0,13.22,Biocare Medical,6 years,RENT,47652.0,Fully Paid,other,CA,20.67,680.0,684.0
16000.0,13.57,Mayo Clinic,3 years,OWN,60000.0,Fully Paid,debt_consolidation,MN,18.58,695.0,699.0
7500.0,13.22,Amdocs,9 years,MORTGAGE,73000.0,Fully Paid,other,MO,11.74,680.0,684.0
12500.0,8.94,,< 1 year,OWN,31000.0,Fully Paid,credit_card,SC,14.94,760.0,764.0
6500.0,7.74,Davita Katy Dialysis,1 year,RENT,67000.0,Fully Paid,other,TX,12.77,770.0,774.0
5000.0,7.74,State Bar of AZ,2 years,MORTGAGE,80000.0,Fully Paid,home_improvement,AZ,0.54,795.0,799.0
3000.0,13.57,Blues Management,3 years,RENT,27600.0,Fully Paid,debt_consolidation,TX,9.87,670.0,674.0
5000.0,14.96,"AI Engineers, Inc",< 1 year,RENT,41280.0,Fully Paid,other,NY,4.22,665.0,669.0
3500.0,7.74,School District of Philadelphia,< 1 year,RENT,42756.0,Fully Paid,other,PA,14.23,745.0,749.0
12000.0,8.94,"Inovis USA, Inc",6 years,MORTGAGE,95000.0,Fully Paid,credit_card,CA,15.52,760.0,764.0
12000.0,8.59,Macy's,3 years,RENT,62500.0,Fully Paid,debt_consolidation,NY,9.02,775.0,779.0
17000.0,16.7,Federal Civil Service/PSNSY Dept. of the,10+ years,MORTGAGE,97243.52,Fully Paid,debt_consolidation,WA,10.71,670.0,674.0
11500.0,11.14,CVS Caremark,2 years,OWN,145000.0,Fully Paid,debt_consolidation,CA,3.32,755.0,759.0
6000.0,14.96,Colorado Casualty,6 years,RENT,50000.0,Fully Paid,other,AZ,19.58,700.0,704.0
9475.0,11.83,Softek Solutions,< 1 year,RENT,75000.0,Fully Paid,I thought I'd give this Lending Club thing a try.  I recently made the move to KC (to be closer to my future wife,"and then as a consultant for two. So I do have a stable employment history.  Please feel free to ask any questions you may have. Thank you for your consideration and support.\"",wedding,KS,14.48
7000.0,8.59,comcast,8 years,MORTGAGE,50000.0,Fully Paid,my cell is on a family plan at 10 dollars a month,used car purchase,600xx,0.0,Feb-1998
14400.0,8.94,Investors Management and Marketing,10+ years,RENT,38000.0,Fully Paid,credit_card,MN,23.4,745.0,749.0
7500.0,13.22,Roxbury Board of Education,< 1 year,RENT,50663.0,Fully Paid,debt_consolidation,NJ,3.88,680.0,684.0
6000.0,14.61,local 197,< 1 year,RENT,30000.0,Charged Off,debt_consolidation,NY,16.2,680.0,684.0
13000.0,8.94,Beasley Broadcasting,< 1 year,RENT,90000.0,Fully Paid,debt_consolidation,FL,8.77,745.0,749.0
10000.0,12.18,,< 1 year,MORTGAGE,34000.0,Fully Paid,credit_card,IL,22.34,710.0,714.0
5000.0,11.83,Union Bank,2 years,OWN,88900.0,Charged Off,major_purchase,CA,5.66,700.0,704.0
10000.0,8.59,Advanced Control Systems - EFACEC,3 years,MORTGAGE,75600.0,Fully Paid,home_improvement,GA,4.75,750.0,754.0
6250.0,6.0,Blue Cross Blue Shield,2 years,MORTGAGE,37400.0,Fully Paid,home_improvement,MI,10.3,745.0,749.0
4800.0,8.94,"HSBC Bank USA, NA",6 years,MORTGAGE,87000.0,Fully Paid,debt_consolidation,NY,10.54,730.0,734.0
8400.0,14.61,Cooper Power Systems,2 years,RENT,55600.0,Fully Paid,other,WI,20.2,665.0,669.0
12000.0,8.94,University of Georgia,2 years,OWN,84400.0,Fully Paid,debt_consolidation,GA,5.52,790.0,794.0
22000.0,20.86,Lake County High Schools Technology Camp,< 1 year,OWN,135000.0,Fully Paid,debt_consolidation,IL,12.78,670.0,674.0
2500.0,13.22,GL Industrial Services,1 year,OWN,65000.0,Fully Paid,other,TX,19.68,675.0,679.0
20000.0,15.65,Hacker Group,1 year,RENT,60000.0,Fully Paid,small_business,WA,20.74,740.0,744.0
3600.0,12.87,,< 1 year,MORTGAGE,75996.0,Fully Paid,debt_consolidation,NJ,1.58,690.0,694.0
2000.0,15.65,Spansion,3 years,MORTGAGE,34800.0,Fully Paid,small_business,TX,20.41,700.0,704.0
10500.0,14.26,Ga. Power Co.,10+ years,MORTGAGE,50000.0,Fully Paid,credit_card,GA,5.71,675.0,679.0
7000.0,7.4,City of Mesa,< 1 year,MORTGAGE,40224.0,Fully Paid,credit_card,AZ,8.89,770.0,774.0
8400.0,13.57,,< 1 year,RENT,50000.0,Charged Off,debt_consolidation,CO,5.78,680.0,684.0
4000.0,13.22,Crispers,< 1 year,RENT,17500.0,Fully Paid,debt_consolidation,FL,14.13,675.0,679.0
7500.0,12.18,Breit Law Office,2 years,RENT,36320.0,Charged Off,debt_consolidation,SD,13.02,705.0,709.0
7750.0,15.31,Booz Allen Hamilton,< 1 year,MORTGAGE,128000.0,Fully Paid,small_business,MD,24.08,710.0,714.0
5000.0,12.53,,< 1 year,RENT,16320.0,Charged Off,other,WA,4.85,720.0,724.0
5500.0,8.94,Harlan,< 1 year,OWN,80000.0,Fully Paid,debt_consolidation,MD,9.29,740.0,744.0
4800.0,14.61,"Macey Wilensky Kessler & Hennings, LLC",9 years,MORTGAGE,56000.0,Fully Paid,debt_consolidation,GA,8.81,660.0,664.0
2100.0,12.53,Frito Lay,9 years,MORTGAGE,68000.0,Fully Paid,debt_consolidation,GA,8.33,680.0,684.0
9000.0,11.83,Live Well Financial,< 1 year,MORTGAGE,72000.0,Fully Paid,credit_card,CO,19.5,735.0,739.0
8000.0,15.65,don pablos,4 years,RENT,25000.0,Fully Paid,credit_card,OH,7.34,670.0,674.0
8000.0,7.74,wal mart,8 years,RENT,28000.0,Fully Paid,debt_consolidation,AZ,16.5,770.0,774.0
6000.0,13.57,Good Food Inc.,2 years,RENT,34000.0,Fully Paid,debt_consolidation,OH,20.79,680.0,684.0
15600.0,16.35,Citi,4 years,MORTGAGE,92000.0,Fully Paid,debt_consolidation,FL,14.45,660.0,664.0
12000.0,13.57,Ferrellgas,10+ years,OWN,110000.0,Fully Paid,debt_consolidation,MO,10.46,675.0,679.0
12500.0,11.83,bunzl,< 1 year,MORTGAGE,55000.0,Fully Paid,home_improvement,MI,1.07,735.0,739.0
1200.0,14.26,Alternatives Unlimited,< 1 year,RENT,4800.0,Charged Off,other,TX,13.75,700.0,704.0
6000.0,8.94,RCM Inc.,3 years,RENT,30000.0,Fully Paid,other,NY,14.72,755.0,759.0
6000.0,12.87,Intouch wireless,3 years,RENT,58000.0,Fully Paid,credit_card,MA,18.12,685.0,689.0
1000.0,14.26,SE Equipment,< 1 year,RENT,45000.0,Fully Paid,debt_consolidation,SC,24.61,660.0,664.0
25000.0,14.96,US Army,3 years,MORTGAGE,71328.0,Fully Paid,wedding,MD,8.73,700.0,704.0
8500.0,13.57,Dress Barn,2 years,RENT,20000.0,Fully Paid,debt_consolidation,WI,14.94,690.0,694.0
15750.0,16.35,Center for Progressive Leadership,< 1 year,OWN,48000.0,Fully Paid,debt_consolidation,AZ,18.13,715.0,719.0
2500.0,7.4,"Williams, Smith & Summers, P.A.",10+ years,MORTGAGE,49600.0,Fully Paid,home_improvement,FL,1.33,795.0,799.0
6500.0,13.22,Fairview Developmenta Center,1 year,RENT,40000.0,Charged Off,house,CA,8.64,755.0,759.0
12000.0,11.48,Exploria,< 1 year,MORTGAGE,200000.0,Fully Paid,debt_consolidation,PA,6.11,735.0,739.0
18250.0,16.7,Falcon School District 49,10+ years,RENT,56000.0,Fully Paid,debt_consolidation,CO,23.72,705.0,709.0
15000.0,15.31,UnitedHealth Group,5 years,MORTGAGE,112000.0,Fully Paid,debt_consolidation,KS,12.15,670.0,674.0
5500.0,13.92,Southwest Airlines,10+ years,MORTGAGE,80160.0,Fully Paid,"I also always pay a little more than the minimums due.  My truck is paid for and there is no monthly payment.   Thank You for considering me for this loan.\"",850xx,AZ,Aug-1991,675.0
7000.0,14.96,Big Y Supermarket,4 years,RENT,42000.0,Fully Paid,major_purchase,CT,3.71,665.0,669.0
8400.0,13.22,idearc media,6 years,RENT,50000.0,Fully Paid,major_purchase,NJ,12.5,705.0,709.0
9700.0,12.53,Commerzbank,10+ years,RENT,70000.0,Fully Paid,debt_consolidation,NY,9.89,705.0,709.0
15000.0,11.83,Southwest Airlines,< 1 year,MORTGAGE,88000.0,Fully Paid,debt_consolidation,TX,19.7,730.0,734.0
12000.0,11.83,Sprint,4 years,RENT,40000.0,Fully Paid,debt_consolidation,CA,17.61,720.0,724.0
6000.0,14.26,at & t,10+ years,OWN,69996.0,Fully Paid,debt_consolidation,FL,18.4,680.0,684.0
6000.0,11.14,EmpireCLS,1 year,RENT,48000.0,Fully Paid,debt_consolidation,CA,8.82,720.0,724.0
20000.0,16.7,,< 1 year,MORTGAGE,120000.0,Fully Paid,debt_consolidation,CA,3.88,690.0,694.0
21000.0,13.92,Surgical Motion,3 years,RENT,85000.0,Fully Paid,debt_consolidation,NY,18.59,700.0,704.0
24150.0,14.96,Twinspires,1 year,RENT,120000.0,Fully Paid,debt_consolidation,CA,20.15,700.0,704.0
19000.0,14.61,,1 year,MORTGAGE,88200.0,Fully Paid,small_business,AZ,5.56,790.0,794.0
3000.0,7.05,macerich,3 years,RENT,40000.0,Fully Paid,debt_consolidation,NY,9.48,770.0,774.0
13000.0,15.31,TD Bank,4 years,OWN,33800.0,Fully Paid,other,MA,20.52,710.0,714.0
4750.0,11.83,Whole Foods Market,10+ years,RENT,19200.0,Fully Paid,debt_consolidation,TX,22.69,715.0,719.0
15000.0,13.22,,< 1 year,OWN,30000.0,Fully Paid,other,TX,17.0,700.0,704.0
9600.0,13.92,the research foundation of suny,5 years,RENT,73000.0,Fully Paid,debt_consolidation,NY,13.55,680.0,684.0
25000.0,12.87,National A-1,5 years,MORTGAGE,900000.0,Fully Paid,medical,PA,1.16,745.0,749.0
14400.0,8.59,Conference USA,5 years,RENT,68000.0,Fully Paid,other,TX,7.82,800.0,804.0
1800.0,8.94,,< 1 year,MORTGAGE,74000.0,Fully Paid,credit_card,FL,13.28,715.0,719.0
10000.0,11.48,US Army,7 years,RENT,32647.6,Fully Paid,major_purchase,NY,18.19,780.0,784.0
24000.0,12.53,masco retail cabinet group,9 years,OWN,60000.0,Fully Paid,debt_consolidation,OH,17.9,730.0,734.0
15000.0,11.48,Gateway Business Bank,6 years,RENT,45600.0,Fully Paid,debt_consolidation,CA,8.84,735.0,739.0
6600.0,7.74,Lockheed Martin,9 years,MORTGAGE,1362000.0,Fully Paid,debt_consolidation,CO,0.62,780.0,784.0
6500.0,15.65,one source landscaping solutions,< 1 year,RENT,20000.0,Fully Paid,small_business,FL,18.9,725.0,729.0
16000.0,11.83,,< 1 year,MORTGAGE,204000.0,Fully Paid,medical,PA,6.29,725.0,729.0
24250.0,12.18,Baltimore City Public Schools,10+ years,OWN,70000.0,Fully Paid,home_improvement,MD,10.29,785.0,789.0
9700.0,8.94,International Paper,4 years,RENT,71000.0,Fully Paid,major_purchase,IL,8.15,760.0,764.0
12000.0,11.48,Maxim Healthcare Services,< 1 year,RENT,30000.0,Fully Paid,major_purchase,NJ,2.8,730.0,734.0
12000.0,14.96,Prometric,2 years,RENT,40046.0,Fully Paid,debt_consolidation,MD,19.78,685.0,689.0
19000.0,13.22,Virtual Communications,6 years,RENT,96000.0,Fully Paid,credit_card,FL,10.95,710.0,714.0
6000.0,15.65,WorldVenture,1 year,RENT,35916.0,Fully Paid,debt_consolidation,CO,22.89,680.0,684.0
4000.0,15.65,Watkins Shepard Trucking,3 years,MORTGAGE,55000.0,Fully Paid,small_business,MT,10.82,695.0,699.0
18000.0,17.39,KHM Studios / (2nd job DRIVE LLC.),9 years,MORTGAGE,85000.0,Fully Paid,credit_card,TX,23.48,665.0,669.0
9600.0,14.26,KPMG LLP,2 years,RENT,50000.0,Fully Paid,debt_consolidation,NY,19.61,680.0,684.0
25000.0,19.13,Taylor Morrison,9 years,MORTGAGE,148000.0,Charged Off,credit_card,AZ,18.54,660.0,664.0
15000.0,13.57,,< 1 year,RENT,81000.0,Charged Off,credit_card,CA,0.81,750.0,754.0
19000.0,11.48,Sun Microsystems,10+ years,MORTGAGE,34000.0,Fully Paid,debt_consolidation,CO,17.44,750.0,754.0
14800.0,15.31,Paychex Inc,8 years,MORTGAGE,60000.0,Charged Off,debt_consolidation,NY,15.5,670.0,674.0
9600.0,11.48,PAETEC Holding Corp,4 years,RENT,58327.0,Fully Paid,major_purchase,NY,10.99,715.0,719.0
20000.0,16.0,home depot,1 year,RENT,38900.0,Fully Paid,small_business,CO,8.14,755.0,759.0
8000.0,13.57,TD Bank,< 1 year,RENT,16000.0,Fully Paid,credit_card,NJ,7.35,690.0,694.0
16000.0,16.35,Gina Reviloza,1 year,RENT,50000.0,Fully Paid,small_business,NY,0.36,720.0,724.0
9000.0,7.74,Department of Veterans Affairs,1 year,RENT,55029.0,Charged Off,debt_consolidation,CO,11.88,775.0,779.0
10000.0,12.87,Bobbi Hair Design,< 1 year,RENT,62400.0,Fully Paid,medical,NY,13.63,710.0,714.0
8000.0,14.61,Verizon Wireless,< 1 year,RENT,115000.0,Charged Off,debt_consolidation,CA,13.36,675.0,679.0
9000.0,13.92,IIFData Solutions,1 year,RENT,85000.0,Fully Paid,I will receive the title and will be able to sell the motorcycle ASAP.  I will most likely be able to get around 6500 for the motorcycle so most of this loan will get paid back once the motorcycle is sold.  Thank you for your time,High Interest Rate,222xx,0.0,Feb-2004
12000.0,12.18,Sunrise Medical,6 years,RENT,70000.0,Fully Paid,debt_consolidation,CO,7.41,710.0,714.0
20000.0,14.96,Citrin Cooperman & Co.,< 1 year,RENT,54000.0,Fully Paid,debt_consolidation,NY,11.78,680.0,684.0
15000.0,12.18,general dynamics,4 years,MORTGAGE,175500.0,Fully Paid,home_improvement,OR,10.19,715.0,719.0
8000.0,15.31,Yuli Enterprises,< 1 year,RENT,41000.0,Fully Paid,debt_consolidation,NJ,8.2,660.0,664.0
25000.0,13.57,"Ridgewell's, Inc.",< 1 year,OWN,86500.0,Charged Off,educational,MD,3.27,720.0,724.0
24250.0,15.31,,2 years,RENT,136000.0,Charged Off,debt_consolidation,KS,5.99,680.0,684.0
20000.0,17.39,PricewaterhouseCoopers,7 years,RENT,112000.0,Fully Paid,debt_consolidation,NY,8.88,665.0,669.0
15250.0,14.96,Polytechnic School,7 years,RENT,59000.0,Fully Paid,debt_consolidation,CA,24.08,675.0,679.0
17000.0,11.83,United States Army,6 years,RENT,55000.0,Fully Paid,but I've still got a little ways to go before any of that comes to fruition.    As far as the military goes,I've been given a great opportunity to continue my schooling and not everyone gets that chance.  Still,"I could use some help because I desprately want to simplify the rest of my life by consolidating all of those loans into one place.   Thank you in advance.\"",305xx,GA
19975.0,13.92,AMR Capital,9 years,RENT,125000.0,Charged Off,other,FL,14.16,690.0,694.0
24150.0,14.61,Office of Court Administration,10+ years,MORTGAGE,103500.0,Fully Paid,debt_consolidation,NY,13.88,695.0,699.0
25000.0,15.31,,1 year,MORTGAGE,110000.0,Fully Paid,small_business,OH,2.69,755.0,759.0
2100.0,17.04,STATE FARM,1 year,RENT,34560.0,Fully Paid,small_business,CA,6.32,685.0,689.0
8000.0,13.92,Hershey Entertainment and Resorts,1 year,OWN,30000.0,Charged Off,home_improvement,PA,20.16,695.0,699.0
15000.0,12.18,Pennsylvania Transformer,3 years,OWN,32000.0,Fully Paid,major_purchase,PA,2.7,750.0,754.0
25000.0,11.83,Administrative Resources Corp,10+ years,MORTGAGE,348000.0,Fully Paid,other,CA,4.87,810.0,814.0
14000.0,12.87,Chaffey Joint Union High School District,7 years,OWN,58000.0,Fully Paid,debt_consolidation,CA,4.3,705.0,709.0
13000.0,12.87,In-Home Supportive Services,10+ years,RENT,24000.0,Charged Off,other,CA,10.8,700.0,704.0
14975.0,12.53,"Diamond Detective Agency, Inc.",2 years,RENT,30000.0,Charged Off,debt_consolidation,IL,16.08,710.0,714.0
11975.0,12.53,4G Wireless - Verizon,1 year,RENT,42000.0,Fully Paid,wedding,CA,22.74,700.0,704.0
13000.0,11.48,"24 Hour Fitness, Inc.",4 years,RENT,75000.0,Fully Paid,debt_consolidation,NY,9.81,720.0,724.0
11000.0,15.65,"LA Packing, Crating and transport",10+ years,RENT,33600.0,Fully Paid,debt_consolidation,CA,11.36,680.0,684.0
25000.0,12.87,Included Educational Services,4 years,RENT,56000.0,Fully Paid,wedding,NJ,9.96,715.0,719.0
5000.0,13.92,Walker Partners,3 years,RENT,30000.0,Fully Paid,major_purchase,TX,18.04,670.0,674.0
14000.0,13.22,PriceWaterhouseCoopers LLP,3 years,RENT,48300.0,Fully Paid,other,PA,4.57,715.0,719.0
22000.0,17.74,WV Army National Guard,10+ years,MORTGAGE,64800.0,Fully Paid,debt_consolidation,WV,22.81,660.0,664.0
10000.0,14.26,PainePR,1 year,RENT,68000.0,Fully Paid,debt_consolidation,CA,15.63,680.0,684.0
6000.0,11.48,,1 year,MORTGAGE,34980.0,Charged Off,you may feel confident I can always make my payments. 558389 added on 10/16/09 > This loan will partially be used to include:  putting a 3.5% down payment on my newly purchased $105,whom I hardly ever get to see.  Any remaining will go into my bank account to guarantee even further that I will always have enough to make sure you get paid back.  If you are seeing those 3 delinquencies,and are reconsidering lending to me based on those ~ please know that I don't want you to feel concerned,which everything else was.  Because I was used to automated,I had difficulty remembering to pay those manually
6000.0,11.83,Kaiser Permanente,3 years,MORTGAGE,59000.0,Fully Paid,debt_consolidation,CA,20.4,700.0,704.0
15000.0,14.96,BAE Systems,2 years,RENT,67000.0,Fully Paid,debt_consolidation,DC,13.81,685.0,689.0
20000.0,11.48,Siemens,4 years,RENT,70000.0,Fully Paid,debt_consolidation,CA,6.84,750.0,754.0
1600.0,11.48,Logicalis,4 years,RENT,68000.0,Fully Paid,debt_consolidation,WA,9.21,700.0,704.0
19950.0,14.96,Innovative information Technologies,3 years,MORTGAGE,73580.0,Fully Paid,other,NJ,10.29,705.0,709.0
21000.0,14.26,Military,1 year,MORTGAGE,61000.0,Fully Paid,debt_consolidation,AZ,18.85,690.0,694.0
15000.0,12.18,Chevy CHASE BANK,9 years,MORTGAGE,75000.0,Fully Paid,debt_consolidation,VA,12.22,710.0,714.0
15000.0,12.18,OPASTCO,1 year,OWN,62000.0,Fully Paid,credit_card,DC,20.69,725.0,729.0
18250.0,14.61,efi polymers,2 years,RENT,42996.0,Fully Paid,debt_consolidation,CO,20.23,700.0,704.0
25000.0,14.61,Infotechnologies,3 years,MORTGAGE,112000.0,Fully Paid,home_improvement,NJ,16.66,710.0,714.0
12000.0,20.17,,7 years,MORTGAGE,75000.0,Fully Paid,small_business,FL,11.25,670.0,674.0
25000.0,12.87,,4 years,RENT,94800.0,Charged Off,major_purchase,CA,0.13,755.0,759.0
20000.0,12.53,NEOPS,5 years,RENT,51000.0,Fully Paid,other,CT,13.74,715.0,719.0
15000.0,14.96,Group 1 Automotive,10+ years,MORTGAGE,88800.0,Charged Off,but we cant all be just like our Grandad.  I am not DESPERATE for this,**Pay off 3 to 10 yr old CC debt in 3yrs for the same pymt-I NEVER PAY LATE**,773xx,0.0,Dec-1999
18000.0,11.48,US Coast Guard,5 years,RENT,85000.0,Fully Paid,debt_consolidation,CA,19.71,735.0,739.0
11000.0,14.61,santa clara county library,10+ years,RENT,45000.0,Fully Paid,"no honey attitude\"\". I'm basically doing everything I can do to get out of debt and invest in my future. I've also been looking for night and weekend work.\"",951xx,CA,Feb-1986,670.0
11000.0,8.59,Dorchester County Commissioners,10+ years,RENT,21000.0,Charged Off,debt_consolidation,MD,16.46,750.0,754.0
10200.0,13.92,Purdum Gray Ingledue,10+ years,MORTGAGE,60000.0,Fully Paid,credit_card,IL,9.48,680.0,684.0
11200.0,15.65,USAA,5 years,OWN,235000.0,Fully Paid,other,TX,12.39,675.0,679.0
10000.0,13.22,verizon wireless,4 years,OWN,60000.0,Fully Paid,other,FL,18.02,690.0,694.0
10000.0,15.31,guida scrap metal,3 years,MORTGAGE,40000.0,Charged Off,other,PA,14.31,670.0,674.0
13000.0,14.26,GosY and Associates,6 years,RENT,29000.0,Fully Paid,other,NY,13.37,705.0,709.0
10000.0,8.94,Endurance,1 year,RENT,48000.0,Fully Paid,other,NJ,12.38,765.0,769.0
25000.0,15.31,,1 year,MORTGAGE,123917.64,Fully Paid,credit_card,OK,16.65,705.0,709.0
20000.0,13.57,,1 year,MORTGAGE,82000.0,Fully Paid,debt_consolidation,TX,12.34,700.0,704.0
11000.0,15.31,reRubber LLC,4 years,RENT,50000.0,Fully Paid,debt_consolidation,CA,22.9,660.0,664.0
12500.0,13.57,GA Dept. of Community Health,1 year,RENT,41000.0,Fully Paid,debt_consolidation,GA,23.94,685.0,689.0
15000.0,14.26,rock electric,4 years,RENT,54000.0,Fully Paid,debt_consolidation,CA,7.4,695.0,699.0
25000.0,11.48,"SAIC Frederick, Inc.",4 years,RENT,66000.0,Fully Paid,credit_card,KS,5.89,780.0,784.0
24250.0,12.53,,1 year,RENT,118320.0,Fully Paid,other,FL,0.4,735.0,739.0
20000.0,20.17,I Love Sushi,4 years,RENT,65000.0,Fully Paid,credit_card,NV,15.93,660.0,664.0
14000.0,14.61,IBM,5 years,MORTGAGE,480000.0,Fully Paid,credit_card,CO,2.09,690.0,694.0
10000.0,8.94,,1 year,OWN,38000.0,Fully Paid,home_improvement,CA,4.23,740.0,744.0
1000.0,11.14,AIG,3 years,RENT,58650.0,Does not meet the credit policy. Status:Fully Paid,debt_consolidation,NJ,14.62,715.0,719.0
15000.0,14.61,TIAA-CREF,3 years,RENT,100000.0,Does not meet the credit policy. Status:Fully Paid,credit_card,NY,11.12,680.0,684.0
6000.0,12.18,The Rogosin Institute,< 1 year,OWN,42000.0,Does not meet the credit policy. Status:Fully Paid,debt_consolidation,OH,6.54,700.0,704.0
10000.0,14.61,Merchants Leasing,6 years,MORTGAGE,195000.0,Does not meet the credit policy. Status:Charged Off,other,FL,10.39,670.0,674.0
7500.0,13.57,UPS,< 1 year,MORTGAGE,62820.0,Does not meet the credit policy. Status:Fully Paid,major_purchase,KY,3.38,690.0,694.0
1800.0,12.18,Baltimore Sun Media Group,2 years,RENT,32000.0,Does not meet the credit policy. Status:Fully Paid,debt_consolidation,MD,10.31,710.0,714.0
13000.0,11.48,Sundance Institute,10+ years,MORTGAGE,75000.0,Does not meet the credit policy. Status:Fully Paid,debt_consolidation,UT,15.44,730.0,734.0
12000.0,8.59,NBC Universal,10+ years,MORTGAGE,165000.0,Does not meet the credit policy. Status:Fully Paid,debt_consolidation,CA,10.21,805.0,809.0
10000.0,12.87,gnc,10+ years,RENT,56000.0,Does not meet the credit policy. Status:Fully Paid,debt_consolidation,NY,16.22,710.0,714.0
5400.0,15.65,,< 1 year,RENT,40800.0,Does not meet the credit policy. Status:Fully Paid,educational,OH,3.71,660.0,664.0
4000.0,15.65,Beach Electric,2 years,MORTGAGE,41600.0,Does not meet the credit policy. Status:Charged Off,other,MO,9.95,725.0,729.0
11000.0,13.22,Monticello Dental,5 years,MORTGAGE,48000.0,Does not meet the credit policy. Status:Charged Off,debt_consolidation,MO,20.38,700.0,704.0
7500.0,13.22,"Critchfield, Critchfield, & Johnston",2 years,RENT,30680.0,Does not meet the credit policy. Status:Fully Paid,debt_consolidation,OH,16.51,685.0,689.0
25000.0,18.78,Methodist Healthcare System,9 years,MORTGAGE,80000.0,Does not meet the credit policy. Status:Charged Off,"eat greek meals\"\".There is a golf course and >5 RV vacation camps that will also receive a gift as first guest at The Greek Tavern.<br/> 572953 added on 11/17/09 > Let me tell you about our operation. The Greek Tavern will have self serve system. The client will order at the register",we would like to offer a differente dinning experience.Set up tables with white table cloth and candle light/soft music and a server taking the order would be offered once a week or week end or every evening. This second service will give to Bandera residents/vacationers and daily visitor a special way of dinning. There is nowhere in Bandera to have a nice dinning experience! The Greek Tavern would feature 2 restaurants in one!More information coming up....and thank you for believing in The Greek Tavern,"we will not desapoint you!<br/>\"",782xx,TX
8000.0,13.22,Downstate Medical Center,4 years,OWN,82700.0,Does not meet the credit policy. Status:Fully Paid,other,NY,9.5,730.0,734.0
19000.0,12.87,Staples,10+ years,OWN,80000.0,Does not meet the credit policy. Status:Fully Paid,debt_consolidation,MA,21.3,720.0,724.0
25000.0,12.87,,< 1 year,MORTGAGE,80000.0,Does not meet the credit policy. Status:Charged Off,credit_card,IL,11.38,715.0,719.0
5000.0,11.83,Sungard Consulting,< 1 year,RENT,20000.0,Does not meet the credit policy. Status:Fully Paid,moving,TX,16.74,715.0,719.0
5000.0,15.31,Awnings by Carolina,4 years,RENT,74880.0,Does not meet the credit policy. Status:Charged Off,wedding,FL,8.06,705.0,709.0
20000.0,13.57,"MedAssurant, Inc.",< 1 year,RENT,100000.0,Does not meet the credit policy. Status:Fully Paid,debt_consolidation,MD,14.6,705.0,709.0
12250.0,11.48,Guident Technologies,1 year,MORTGAGE,109038.0,Does not meet the credit policy. Status:Fully Paid,debt_consolidation,DC,12.34,725.0,729.0
4000.0,15.31,Union local18,< 1 year,MORTGAGE,38400.0,Does not meet the credit policy. Status:Fully Paid,wedding,IL,8.34,665.0,669.0
9000.0,15.65,Safeway,2 years,RENT,24000.0,Does not meet the credit policy. Status:Charged Off,debt_consolidation,AZ,10.35,660.0,664.0
2000.0,12.87,Peabody Energy,< 1 year,MORTGAGE,52416.0,Does not meet the credit policy. Status:Fully Paid,car,NM,10.49,685.0,689.0
25000.0,17.74,VSR,2 years,MORTGAGE,330000.0,Does not meet the credit policy. Status:Fully Paid,other,CA,13.19,730.0,734.0
6000.0,13.57,Long Horn,4 years,OWN,21600.0,Does not meet the credit policy. Status:Fully Paid,major_purchase,GA,3.89,710.0,714.0
9600.0,13.92,AVX Corporation,4 years,MORTGAGE,65000.0,Does not meet the credit policy. Status:Fully Paid,debt_consolidation,SC,13.51,685.0,689.0
5000.0,21.21,"Engineered Coating Technology, Inc.",6 years,RENT,60000.0,Does not meet the credit policy. Status:Fully Paid,small_business,CA,0.36,660.0,664.0
9000.0,16.0,"Amgen, Inc",6 years,OWN,96400.0,Does not meet the credit policy. Status:Fully Paid,debt_consolidation,RI,16.07,665.0,669.0
15000.0,13.92,bank of America,10+ years,OWN,155000.0,Does not meet the credit policy. Status:Fully Paid,other,MD,19.35,685.0,689.0
3500.0,8.94,"Gibson, Dunn & Crutcher",1 year,MORTGAGE,325162.08,Does not meet the credit policy. Status:Fully Paid,other,NY,9.73,725.0,729.0
25000.0,18.78,Astrachan Gunst Thomas PC,10+ years,MORTGAGE,125000.0,Does not meet the credit policy. Status:Fully Paid,small_business,MD,18.59,695.0,699.0
6500.0,13.22,Aldi,< 1 year,RENT,48000.0,Does not meet the credit policy. Status:Fully Paid,debt_consolidation,IL,18.25,705.0,709.0
5000.0,15.65,Commonwealth of Kentucky,< 1 year,RENT,31075.0,Does not meet the credit policy. Status:Fully Paid,debt_consolidation,KY,23.48,660.0,664.0
4800.0,17.74,Wings Nine Inc.,2 years,RENT,14000.0,Does not meet the credit policy. Status:Fully Paid,debt_consolidation,MI,9.51,690.0,694.0
25000.0,16.0,B. Braun Medical,5 years,MORTGAGE,120000.0,Does not meet the credit policy. Status:Fully Paid,small_business,CA,20.15,740.0,744.0
20000.0,16.7,Los Banos Unified School District,10+ years,MORTGAGE,80000.0,Does not meet the credit policy. Status:Fully Paid,credit_card,CA,23.41,675.0,679.0
3000.0,12.87,SMG Search,2 years,RENT,90000.0,Does not meet the credit policy. Status:Fully Paid,major_purchase,IL,1.65,685.0,689.0
4800.0,15.31,,< 1 year,MORTGAGE,97572.0,Does not meet the credit policy. Status:Fully Paid,home_improvement,VA,6.27,660.0,664.0
15000.0,15.31,,3 years,OWN,110000.0,Does not meet the credit policy. Status:Charged Off,debt_consolidation,SD,11.18,695.0,699.0
3000.0,13.92,valley veiw,< 1 year,RENT,17568.0,Does not meet the credit policy. Status:Charged Off,other,CO,5.87,730.0,734.0
2400.0,14.96,Monroe Tenneco,3 years,RENT,26000.0,Does not meet the credit policy. Status:Charged Off,other,AR,19.62,685.0,689.0
16000.0,12.87,El Camino Hospital,4 years,OWN,108000.0,Does not meet the credit policy. Status:Fully Paid,debt_consolidation,CA,22.31,710.0,714.0
2500.0,15.65,Gulf Bend MHMR,< 1 year,RENT,19500.0,Does not meet the credit policy. Status:Fully Paid,other,TX,5.29,715.0,719.0
2275.0,14.61,The American Red Cross,8 years,OWN,45500.0,Does not meet the credit policy. Status:Charged Off,our eaves on our house,other,Jake,19.94,0.0
24000.0,19.47,qualcomm,5 years,RENT,78000.0,Does not meet the credit policy. Status:Fully Paid,small_business,CA,12.14,680.0,684.0
24200.0,17.74,Karndean International,1 year,OWN,100000.0,Does not meet the credit policy. Status:Fully Paid,home_improvement,CA,0.22,725.0,729.0
5000.0,8.59,Mobil Dialysis,2 years,MORTGAGE,100000.0,Does not meet the credit policy. Status:Fully Paid,home_improvement,FL,19.08,735.0,739.0
24250.0,18.43,United Airlines,< 1 year,OWN,220000.0,Does not meet the credit policy. Status:Fully Paid,debt_consolidation,IL,16.71,725.0,729.0
8000.0,16.0,abramson centre for jewish life,5 years,RENT,51600.0,Does not meet the credit policy. Status:Charged Off,major_purchase,PA,20.26,675.0,679.0
10000.0,12.18,CVS Pharmacy,10+ years,MORTGAGE,66000.0,Does not meet the credit policy. Status:Charged Off,credit_card,CT,12.45,710.0,714.0
24250.0,16.0,BlackRock,2 years,OWN,101000.0,Does not meet the credit policy. Status:Fully Paid,debt_consolidation,NJ,24.84,680.0,684.0
25000.0,20.86,First Consulting,9 years,MORTGAGE,287777.0,Does not meet the credit policy. Status:Fully Paid,debt_consolidation,NY,18.64,680.0,684.0
4300.0,15.31,Procter and Gamble,1 year,RENT,63350.0,Does not meet the credit policy. Status:Fully Paid,other,OH,5.13,670.0,674.0
5000.0,20.52,crescent drilling and production,5 years,RENT,178000.0,Does not meet the credit policy. Status:Fully Paid,debt_consolidation,FL,0.17,705.0,709.0
14400.0,14.26,Systems Refrigeration,8 years,MORTGAGE,70000.0,Does not meet the credit policy. Status:Fully Paid,debt_consolidation,PA,24.41,685.0,689.0
1000.0,8.59,,1 year,MORTGAGE,120000.0,Does not meet the credit policy. Status:Fully Paid,home_improvement,WI,12.05,805.0,809.0
25000.0,12.87,Zurich North American,3 years,OWN,46000.0,Does not meet the credit policy. Status:Fully Paid,debt_consolidation,FL,17.82,725.0,729.0
24000.0,14.26,,1 year,RENT,250000.0,Does not meet the credit policy. Status:Charged Off,home_improvement,CA,3.62,720.0,724.0
16425.0,14.96,NOB HILL FOODS,10+ years,RENT,45000.0,Does not meet the credit policy. Status:Fully Paid,other,CA,15.68,685.0,689.0
