10000.0,8.94,Rebling Plastics,6 years,RENT,55000.0,Fully Paid,debt_consolidation,PA,19.75,740.0,744.0
4600.0,8.59,Bostik  Inc.,9 years,RENT,51996.0,Fully Paid,debt_consolidation,NJ,11.91,735.0,739.0
3000.0,7.74,self,10+ years,MORTGAGE,111996.0,Fully Paid,other,AL,15.26,735.0,739.0
10000.0,8.94,Thomas Weisel Partners,1 year,RENT,62000.0,Fully Paid,debt_consolidation,CA,14.37,755.0,759.0
2200.0,7.4,Mount Diablo School District,6 years,MORTGAGE,58000.0,Fully Paid,home_improvement,CA,1.43,770.0,774.0
7000.0,12.87,Compellent Technologies,< 1 year,RENT,50000.0,Fully Paid,credit_card,MN,16.06,690.0,694.0
11000.0,8.59,care-van  inc.,10+ years,RENT,26000.0,Fully Paid,credit_card,CA,16.06,765.0,769.0
5000.0,7.74,Travis Consulting LLC,5 years,MORTGAGE,56004.0,Fully Paid,major_purchase,RI,5.12,775.0,779.0
2500.0,11.14,Richfield Public Schools,6 years,RENT,54924.0,Fully Paid,major_purchase,MN,6.34,720.0,724.0
3500.0,8.59,"Correlated Solutions, Inc.",< 1 year,RENT,58000.0,Fully Paid,medical,SC,19.74,730.0,734.0
7500.0,11.14,Drnach Environmental,3 years,OWN,30000.0,Fully Paid,debt_consolidation,PA,17.52,720.0,724.0
2000.0,7.4,3M Company,10+ years,MORTGAGE,70000.0,Fully Paid,other,WI,18.31,760.0,764.0
9000.0,8.94,Euthenics  Inc.,3 years,RENT,50760.0,Fully Paid,debt_consolidation,OH,21.49,735.0,739.0
6000.0,12.18,South Shore Mental Health,10+ years,RENT,45000.0,Fully Paid,credit_card,RI,14.43,700.0,704.0
4000.0,11.14,"Infotrieve, Inc.",< 1 year,MORTGAGE,60000.0,Charged Off,car,MI,11.08,720.0,724.0
1500.0,8.94,Andersons auto,1 year,RENT,31000.0,Fully Paid,major_purchase,CT,8.52,715.0,719.0
3000.0,7.4,Hertz Auto,9 years,MORTGAGE,48000.0,Fully Paid,other,RI,2.8,760.0,764.0
3200.0,11.83,NYC Department of Education,2 years,RENT,54731.0,Fully Paid,credit_card,NY,20.96,700.0,704.0
4000.0,7.4,Walker County Board of Education,3 years,OWN,19000.0,Fully Paid,other,AL,4.93,785.0,789.0
4800.0,13.92,"Heritage Mint, Ltd.",7 years,RENT,56000.0,Fully Paid,credit_card,AZ,8.78,700.0,704.0
6000.0,11.83,Traffic.com & Cox Radio,3 years,RENT,24996.0,Fully Paid,debt_consolidation,FL,20.65,715.0,719.0
1200.0,14.26,adp,2 years,OWN,50000.0,Fully Paid,medical,NJ,14.54,670.0,674.0
12800.0,11.83,Northrop Grumman,8 years,MORTGAGE,105000.0,Fully Paid,other,VA,9.71,715.0,719.0
6000.0,7.4,Cisco Systems,2 years,MORTGAGE,110000.0,Fully Paid,credit_card,MA,12.86,785.0,789.0
10000.0,17.04,IT Consultant,3 years,RENT,120000.0,Fully Paid,credit_card,TX,10.67,660.0,664.0
5175.0,18.43,self,< 1 year,RENT,25000.0,Fully Paid,small_business,CA,20.64,660.0,664.0
6500.0,8.59,Dorchester House Health center,< 1 year,MORTGAGE,83500.0,Fully Paid,other,MA,11.48,735.0,739.0
5000.0,13.92,Union Pacific Railroad,10+ years,RENT,73000.0,Charged Off,debt_consolidation,WA,21.68,670.0,674.0
5375.0,8.94,GTSI,7 years,MORTGAGE,139913.0,Fully Paid,credit_card,MD,15.13,725.0,729.0
20000.0,11.48,Random House,5 years,RENT,50950.0,Fully Paid,debt_consolidation,NY,9.19,760.0,764.0
4000.0,11.48,LBJ hospital,8 years,RENT,45204.0,Fully Paid,debt_consolidation,TX,21.48,740.0,744.0
5000.0,11.14,Fleet Car Carriers,< 1 year,RENT,30000.0,Fully Paid,educational,NY,10.32,730.0,734.0
11225.0,11.14,York Machine Works,2 years,MORTGAGE,53590.0,Fully Paid,debt_consolidation,CA,8.89,730.0,734.0
8400.0,8.94,County of San Bernardino,10+ years,RENT,55000.0,Fully Paid,"I'll work on the car then the house.  Thanks for your consideration!\"",922xx,CA,Dec-2001,735.0
10000.0,11.14,Best Buy,2 years,MORTGAGE,26004.0,Fully Paid,credit_card,PA,6.55,730.0,734.0
10400.0,8.94,Retif,4 years,MORTGAGE,37000.0,Fully Paid,"or over my credit limit? No! They are raising it because \"\"everyone else is doing it.\"\" What a scam! And this is not just a small nudge",I refuse to pay higher interest!,704xx,0.0,Jun-1995
6000.0,8.59,Trinity Health,2 years,MORTGAGE,52000.0,Fully Paid,other,MI,21.6,730.0,734.0
12000.0,11.14,Woods Hole Oceanographic Institution,5 years,MORTGAGE,85000.0,Fully Paid,home_improvement,MA,6.58,750.0,754.0
2200.0,12.53,Morale Rec & Welfare Naval Support Activity,4 years,RENT,27500.0,Fully Paid,debt_consolidation,PA,23.26,680.0,684.0
5000.0,7.4,Luck Brothers Inc,10+ years,OWN,85800.0,Fully Paid,debt_consolidation,NY,7.92,820.0,824.0
2000.0,16.0,US National Central Bureau - Interpol,4 years,MORTGAGE,79000.0,Fully Paid,small_business,IL,12.58,680.0,684.0
10000.0,11.14,Hartford Financial Services Group,2 years,MORTGAGE,21600.0,Fully Paid,other,CT,8.28,725.0,729.0
7550.0,14.61,US Census Bureau,< 1 year,RENT,21324.0,Fully Paid,debt_consolidation,NY,17.61,685.0,689.0
9500.0,16.35,Snohomish Fire & Rescue,4 years,RENT,64000.0,Fully Paid,small_business,WA,9.51,695.0,699.0
3000.0,8.94,Caterpillar Inc.,2 years,OWN,20000.0,Fully Paid,debt_consolidation,IL,1.8,745.0,749.0
11000.0,8.94,Naval Air Systems Command,10+ years,RENT,116000.0,Fully Paid,credit_card,MD,7.14,740.0,744.0
11000.0,8.94,WildCat Corporation,9 years,RENT,43000.0,Fully Paid,debt_consolidation,NY,11.0,740.0,744.0
3600.0,11.83,Universal Health Svcs.,1 year,MORTGAGE,121000.0,Fully Paid,home_improvement,VA,15.14,700.0,704.0
10000.0,12.18,B.I. Chemicals,2 years,MORTGAGE,102000.0,Fully Paid,debt_consolidation,VA,13.96,745.0,749.0
5000.0,12.18,The Evergreen Corporation dba Evergreen Construction,1 year,RENT,53500.0,Fully Paid,wedding,GA,17.64,695.0,699.0
2000.0,7.74,sodexo,1 year,RENT,51000.0,Fully Paid,other,NJ,6.45,750.0,754.0
16000.0,11.83,Griffin Fence,7 years,MORTGAGE,41196.0,Fully Paid,debt_consolidation,FL,10.75,725.0,729.0
13200.0,12.53,JG Boswell Company,2 years,RENT,46596.0,Fully Paid,debt_consolidation,CA,7.98,710.0,714.0
12000.0,12.53,Silverado Resort,10+ years,MORTGAGE,60000.0,Charged Off,debt_consolidation,CA,19.32,715.0,719.0
12000.0,8.94,CA Department of Finance,2 years,MORTGAGE,56628.0,Fully Paid,debt_consolidation,CA,7.42,755.0,759.0
4500.0,16.35,"Now Technologies, Inc.",1 year,MORTGAGE,75000.0,Fully Paid,home_improvement,MD,12.94,665.0,669.0
2400.0,8.94,Bridgeway Church,9 years,RENT,22790.0,Fully Paid,moving,OK,17.06,770.0,774.0
5000.0,13.22,"Hi Lex Controls, Inc",4 years,RENT,39500.0,Fully Paid,car,MI,1.12,680.0,684.0
11750.0,15.31,TIAA-CREF,1 year,RENT,50004.0,Fully Paid,debt_consolidation,CO,22.51,665.0,669.0
12000.0,11.48,The Just Company,1 year,MORTGAGE,50000.0,Fully Paid,"\"\" even though I've made my payments on time for more than five years for each of the cards.   My goal is to completely pay off all of my non-mortgage debt and by refinancing this debt with a fixed rate I think this is completely obtainable within three years",credit_card,Becoming Debt Free,13.87,0.0
4000.0,12.53,dynacraft inc,4 years,RENT,55000.0,Fully Paid,debt_consolidation,CA,3.01,700.0,704.0
20000.0,14.61,Conidien Inc,2 years,MORTGAGE,115000.0,Fully Paid,major_purchase,CT,1.82,765.0,769.0
10000.0,7.74,Roanoke Wreck Repair Inc.,2 years,MORTGAGE,37000.0,Fully Paid,debt_consolidation,VA,16.02,770.0,774.0
10000.0,8.94,"Wealth Conservation Group, Inc.",3 years,MORTGAGE,117000.0,Fully Paid,debt_consolidation,NY,7.88,735.0,739.0
6775.0,8.59,State Of Florida,10+ years,MORTGAGE,116004.0,Fully Paid,car,FL,0.89,805.0,809.0
9600.0,12.87,AMN Healthcare/MHA Group,4 years,MORTGAGE,115000.0,Fully Paid,debt_consolidation,TX,24.56,690.0,694.0
7000.0,8.59,Vector Wealth Management,2 years,RENT,40000.0,Fully Paid,debt_consolidation,MN,6.87,745.0,749.0
1600.0,13.92,Los Angeles Unified School District,9 years,MORTGAGE,72000.0,Fully Paid,credit_card,CA,17.65,665.0,669.0
9000.0,13.22,Parsons Brinckerhoff,9 years,RENT,90900.0,Fully Paid,debt_consolidation,CA,9.81,690.0,694.0
9000.0,12.87,Department of Energy,< 1 year,RENT,67092.0,Fully Paid,major_purchase,MD,15.85,690.0,694.0
8800.0,11.48,camelot pool company,4 years,MORTGAGE,36996.0,Fully Paid,debt_consolidation,GA,10.12,720.0,724.0
12000.0,11.83,URS Corporation,10+ years,MORTGAGE,91234.2,Fully Paid,home_improvement,CA,6.67,745.0,749.0
2500.0,13.22,N/A (self-employed),1 year,MORTGAGE,90000.0,Fully Paid,small_business,MA,1.31,785.0,789.0
8500.0,8.94,Sam's Club/Wal-Mart,4 years,MORTGAGE,51000.0,Fully Paid,wedding,OH,14.26,735.0,739.0
5000.0,12.53,America Approved,< 1 year,RENT,20004.0,Fully Paid,debt_consolidation,RI,11.04,705.0,709.0
8000.0,7.74,,< 1 year,RENT,50000.0,Fully Paid,medical,CA,12.58,780.0,784.0
15000.0,11.48,Northwestern Mutual,10+ years,MORTGAGE,115000.0,Fully Paid,debt_consolidation,NY,22.88,735.0,739.0
2500.0,12.53,Metlife Auto and Home,2 years,MORTGAGE,57996.0,Fully Paid,other,AZ,16.41,680.0,684.0
6000.0,19.13,Robert Half International,4 years,RENT,68250.0,Fully Paid,debt_consolidation,CA,16.81,660.0,664.0
7000.0,7.74,Advantage IQ,4 years,RENT,30000.0,Fully Paid,other,WA,8.28,775.0,779.0
6000.0,8.59,Nature Publishing Group,4 years,RENT,54000.0,Fully Paid,other,NY,11.98,740.0,744.0
12000.0,15.31,Grossmont Schools FCU,2 years,RENT,73558.0,Fully Paid,small_business,CA,10.39,740.0,744.0
5000.0,11.48,Sectra NA,< 1 year,MORTGAGE,105000.0,Fully Paid,home_improvement,CT,15.55,705.0,709.0
4500.0,11.83,Pepsi Bottling Group,10+ years,MORTGAGE,56000.0,Fully Paid,credit_card,WA,15.39,705.0,709.0
6000.0,8.59,INTERNAL REVENUE SERVICE,10+ years,RENT,57996.0,Fully Paid,other,FL,8.61,730.0,734.0
7000.0,14.96,County of San Diego,9 years,RENT,47000.0,Fully Paid,educational,CA,21.8,670.0,674.0
10000.0,14.61,Sentry Insurance,< 1 year,RENT,30000.0,Fully Paid,debt_consolidation,MN,11.36,670.0,674.0
2000.0,11.14,Out of the Box Events,2 years,RENT,37000.0,Fully Paid,wedding,CA,17.51,705.0,709.0
8000.0,15.31,"Satori Software, Inc.",3 years,RENT,97000.0,Fully Paid,debt_consolidation,WA,13.32,660.0,664.0
14400.0,11.14,the phoenix,7 years,RENT,65000.0,Fully Paid,other,NY,15.82,740.0,744.0
15000.0,14.96,McDermott Will and Emery,1 year,MORTGAGE,171996.0,Fully Paid,major_purchase,IL,10.49,675.0,679.0
6000.0,17.04,,< 1 year,RENT,50000.0,Fully Paid,small_business,CA,9.96,680.0,684.0
9800.0,8.59,State Compensation Insurance Fund,7 years,RENT,48000.0,Fully Paid,credit_card,CA,13.5,755.0,759.0
13200.0,11.48,SD School F/T Blind and Visually Impaired,5 years,MORTGAGE,42200.0,Fully Paid,credit_card,SD,13.79,745.0,749.0
8000.0,11.14,"Resource Design & Build, LLC",4 years,MORTGAGE,55000.0,Fully Paid,credit_card,GA,18.89,720.0,724.0
12000.0,11.14,Rupp Base,2 years,MORTGAGE,62000.0,Fully Paid,other,NY,5.52,755.0,759.0
15000.0,11.48,The Bank of New York Mellon,5 years,MORTGAGE,150000.0,Fully Paid,home_improvement,TX,6.42,730.0,734.0
20000.0,13.22,City of Phoenix,10+ years,MORTGAGE,72893.0,Fully Paid,debt_consolidation,AZ,20.31,705.0,709.0
3500.0,8.94,Abercrombie and Fitch,< 1 year,OWN,28000.0,Fully Paid,other,NY,1.71,725.0,729.0
13000.0,11.83,FAA,1 year,RENT,37800.0,Fully Paid,debt_consolidation,KS,16.25,770.0,774.0
14075.0,11.48,Sovereign Bank,2 years,RENT,27996.0,Charged Off,debt_consolidation,NJ,16.33,725.0,729.0
20000.0,13.57,UAW Legal Services Plan,3 years,MORTGAGE,72000.0,Fully Paid,debt_consolidation,FL,23.22,700.0,704.0
7000.0,17.04,Community HomeOwnership Counseling Services,< 1 year,RENT,40000.0,Charged Off,small_business,CA,6.9,700.0,704.0
20000.0,11.83,Self Employed,1 year,RENT,54000.0,Fully Paid,credit_card,NY,5.0,755.0,759.0
19000.0,13.92,NYPD,10+ years,OWN,85000.0,Fully Paid,debt_consolidation,NY,12.9,690.0,694.0
20000.0,11.48,YONKERS RACING CORPORATION,< 1 year,MORTGAGE,200000.0,Fully Paid,home_improvement,NY,6.97,775.0,779.0
19000.0,11.14,Aramark Uniform Serives,10+ years,RENT,65412.0,Fully Paid,debt_consolidation,IL,21.56,785.0,789.0
15000.0,12.18,Wells Fargo Bank,10+ years,MORTGAGE,78408.0,Fully Paid,debt_consolidation,CA,18.26,715.0,719.0
3000.0,8.59,wrico,5 years,MORTGAGE,50004.0,Fully Paid,other,MA,3.72,765.0,769.0
4000.0,11.83,hablinski manion architecture,1 year,RENT,60000.0,Fully Paid,major_purchase,CA,8.44,705.0,709.0
6000.0,12.53,Tyco - ADT fire and security,3 years,MORTGAGE,36000.0,Fully Paid,credit_card,AL,19.0,685.0,689.0
20000.0,13.92,Unified Grocers,10+ years,RENT,79701.0,Fully Paid,debt_consolidation,CA,17.09,695.0,699.0
14000.0,8.59,Mothers' Club Community Center,6 years,RENT,62004.0,Fully Paid,debt_consolidation,CA,11.11,800.0,804.0
8500.0,12.18,Graham-Pelton Consulting,4 years,MORTGAGE,81400.0,Fully Paid,debt_consolidation,NJ,6.8,705.0,709.0
7500.0,7.74,Self Employed,7 years,MORTGAGE,28000.0,Fully Paid,and I have never been late or even missed a payment. I have been trying to pay off this balance,"but not to my satisfaction and only for the next 6 months. I need your help in getting a better grip on this situation. What can you do for me???\"",credit_card,CA,22.37
4000.0,8.94,GameStop,4 years,RENT,65000.0,Charged Off,car,CA,12.24,740.0,744.0
20000.0,17.04,University of New Mexico Hospital,1 year,RENT,60000.0,Fully Paid,credit_card,NM,17.4,670.0,674.0
7500.0,12.18,The Doe Run Company,6 years,MORTGAGE,80000.0,Fully Paid,credit_card,MO,9.04,740.0,744.0
18000.0,12.18,Hattitude,6 years,RENT,44000.0,Charged Off,debt_consolidation,NV,20.24,715.0,719.0
2000.0,13.22,Publix Super Markets,< 1 year,RENT,4000.0,Fully Paid,educational,FL,6.0,695.0,699.0
5500.0,14.61,International Speedway Corporation,4 years,MORTGAGE,78792.0,Fully Paid,debt_consolidation,FL,8.04,670.0,674.0
9000.0,8.94,Armstrong Medical,9 years,MORTGAGE,120000.0,Fully Paid,debt_consolidation,IL,12.44,740.0,744.0
2500.0,17.04,MEFCU,10+ years,MORTGAGE,69736.0,Fully Paid,small_business,MD,0.0,695.0,699.0
4200.0,13.92,Myself--Childcare,2 years,RENT,19000.0,Fully Paid,car,TX,23.05,680.0,684.0
20000.0,11.48,Retired,< 1 year,MORTGAGE,50000.0,Fully Paid,debt_consolidation,AL,23.52,745.0,749.0
10000.0,8.94,State of California,10+ years,MORTGAGE,75000.0,Fully Paid,credit_card,CA,23.64,735.0,739.0
4000.0,7.74,Kushbo Inc.,4 years,RENT,34000.0,Fully Paid,debt_consolidation,CA,15.6,770.0,774.0
4900.0,11.14,Chase Bank,2 years,RENT,54096.0,Fully Paid,credit_card,CA,24.38,710.0,714.0
20000.0,17.39,"Albertsons, Inc.",10+ years,RENT,45000.0,Fully Paid,small_business,CA,0.32,710.0,714.0
12000.0,8.94,Department of Homeland Security (DHS),7 years,MORTGAGE,110000.0,Fully Paid,moving,MI,7.3,805.0,809.0
20000.0,11.83,"Hannspree North America, Inc.",1 year,RENT,85000.0,Charged Off,credit_card,CA,24.27,735.0,739.0
12000.0,8.94,Prezza Technologies,4 years,MORTGAGE,125000.0,Fully Paid,debt_consolidation,MA,8.85,755.0,759.0
20000.0,13.22,Beneficial Health and Life Ins. Srvcs.,6 years,RENT,105000.0,Charged Off,debt_consolidation,CA,24.89,705.0,709.0
20000.0,14.61,Office Associates,2 years,MORTGAGE,100000.0,Fully Paid,debt_consolidation,GA,22.55,675.0,679.0
10000.0,11.48,Sunoco Inc.,9 years,MORTGAGE,75000.0,Fully Paid,credit_card,NY,21.81,715.0,719.0
10500.0,8.94,Hilton Hotels,2 years,MORTGAGE,30000.0,Fully Paid,home_improvement,FL,2.84,760.0,764.0
10000.0,18.43,UBS Investment Bank,3 years,OWN,85000.0,Fully Paid,debt_consolidation,NY,12.51,665.0,669.0
4000.0,16.0,Grainger Industrial Supply,2 years,RENT,67000.0,Fully Paid,debt_consolidation,AL,14.61,675.0,679.0
10000.0,16.0,County of San Mateo,3 years,RENT,66847.3,Fully Paid,debt_consolidation,CA,10.3,660.0,664.0
10250.0,11.48,Frehner Construction,4 years,MORTGAGE,80000.0,Charged Off,expensive electronics (I salvaged our TV from my neighbors trash),"the one thing I swore to myself was that I was going to be financially stable for my kids. I wanted them to grow up without worrying about money as I did. Not that my kids are old enough to worry about that now but if this continues I know I will fail.  Whether or not you contribute to my loan request thank you for taking the time to read my note.       \"",debt_consolidation,NV,11.13
7000.0,7.74,TurnKey Network Solutions,< 1 year,RENT,180000.0,Fully Paid,major_purchase,MI,4.31,785.0,789.0
10000.0,8.94,General Motors,10+ years,RENT,62000.0,Fully Paid,debt_consolidation,OH,13.28,745.0,749.0
5500.0,8.59,Roanoke City,1 year,RENT,42312.0,Fully Paid,car,VA,12.11,780.0,784.0
15850.0,14.26,Country Kids,8 years,MORTGAGE,50000.0,Fully Paid,debt_consolidation,CT,22.66,680.0,684.0
9000.0,11.14,Village of monroe police dept,9 years,RENT,72000.0,Fully Paid,debt_consolidation,NY,9.87,730.0,734.0
15000.0,15.65,IBM,10+ years,MORTGAGE,322400.0,Fully Paid,debt_consolidation,GA,15.58,670.0,674.0
20000.0,16.7,Stratus Group Inc.,10+ years,MORTGAGE,62000.0,Fully Paid,debt_consolidation,OH,22.06,670.0,674.0
5000.0,13.57,US Army,8 years,RENT,50532.0,Fully Paid,other,TX,14.75,685.0,689.0
10000.0,8.94,Allied Medical service inc,8 years,MORTGAGE,180000.0,Charged Off,debt_consolidation,FL,4.33,740.0,744.0
7000.0,11.83,NuVusion Engineering,< 1 year,RENT,65000.0,Fully Paid,wedding,PA,23.39,710.0,714.0
5000.0,11.14,Ohio Health,1 year,RENT,30000.0,Fully Paid,educational,OH,14.48,760.0,764.0
6000.0,8.94,Gamehaven LLC,5 years,MORTGAGE,60000.0,Fully Paid,debt_consolidation,CT,22.48,740.0,744.0
12000.0,13.92,Merrill Lynch,2 years,RENT,60000.0,Fully Paid,debt_consolidation,FL,23.14,700.0,704.0
20000.0,12.53,Global Vision International,5 years,MORTGAGE,124000.0,Charged Off,wedding,CA,1.61,770.0,774.0
20000.0,11.48,Utopic Results LLC,7 years,MORTGAGE,250000.0,Fully Paid,home_improvement,VA,6.89,760.0,764.0
12000.0,12.53,Belcan Corporation,6 years,RENT,74000.0,Fully Paid,home_improvement,FL,8.29,705.0,709.0
6125.0,7.74,Robinson Helicopter,< 1 year,RENT,75400.0,Fully Paid,car,CA,12.86,755.0,759.0
2800.0,7.4,Millen United Methodist Church,1 year,RENT,8000.0,Fully Paid,car,GA,15.15,750.0,754.0
15600.0,12.53,1)-Yavapai Regional Medical Center 2)- Dr. cantors office,2 years,MORTGAGE,84996.0,Charged Off,debt_consolidation,AZ,9.05,715.0,719.0
13300.0,16.0,J.Kings Foor Service Professionals,7 years,RENT,39875.0,Fully Paid,credit_card,NY,4.6,665.0,669.0
6700.0,14.26,Chuck Redding,2 years,MORTGAGE,31200.0,Fully Paid,home_improvement,FL,10.08,675.0,679.0
20000.0,17.04,Total technology Solutions,9 years,RENT,186462.0,Charged Off,small_business,NY,12.5,700.0,704.0
10000.0,13.22,Banfield,2 years,RENT,32000.0,Fully Paid,home_improvement,NY,3.6,775.0,779.0
15000.0,12.18,DLW Consulting,5 years,RENT,91000.0,Charged Off,wedding,CA,0.01,780.0,784.0
6500.0,15.31,TCFFCU,3 years,RENT,40100.0,Fully Paid,debt_consolidation,NY,23.64,670.0,674.0
12000.0,8.94,Late Show with David Letterman,10+ years,MORTGAGE,100000.0,Fully Paid,major_purchase,NJ,11.27,745.0,749.0
6200.0,13.92,PCB Piezotronics,1 year,RENT,42500.0,Fully Paid,small_business,NY,24.04,745.0,749.0
10000.0,8.59,Deloitte Consulting,10+ years,MORTGAGE,122004.0,Fully Paid,major_purchase,PA,2.85,790.0,794.0
4700.0,13.92,Spectrum Health Hospital systems,5 years,MORTGAGE,27500.0,Fully Paid,debt_consolidation,MI,21.6,665.0,669.0
4500.0,7.4,"County of Santa Barbara Alcohol, Drug and Mental Health Services",8 years,RENT,86854.0,Fully Paid,debt_consolidation,CA,14.18,795.0,799.0
4200.0,11.48,Sim-G Technologies,2 years,RENT,65000.0,Fully Paid,other,VA,11.11,720.0,724.0
1600.0,14.26,Atlantic Regional Medical Center,1 year,RENT,48000.0,Fully Paid,debt_consolidation,NJ,16.15,665.0,669.0
5000.0,14.61,California National Guard,5 years,MORTGAGE,95000.0,Charged Off,debt_consolidation,CA,0.25,695.0,699.0
3600.0,8.59,Great Hearts Academies,1 year,RENT,40000.0,Fully Paid,medical,AZ,10.32,725.0,729.0
20000.0,11.48,LA County Probation Dept.,6 years,RENT,71874.0,Fully Paid,debt_consolidation,CA,11.37,745.0,749.0
20000.0,14.61,Total Marine Solutions,7 years,MORTGAGE,125000.0,Fully Paid,debt_consolidation,FL,14.19,685.0,689.0
7000.0,7.74,City of Detroit,10+ years,MORTGAGE,47500.0,Fully Paid,debt_consolidation,MI,17.81,750.0,754.0
3000.0,16.0,Atlantic Hotel and Resort,1 year,OWN,22000.0,Charged Off,moving,FL,6.71,695.0,699.0
15000.0,11.83,Self-Employed,5 years,RENT,31200.0,Fully Paid,credit_card,AZ,13.04,725.0,729.0
10000.0,7.74,Raytheon,10+ years,MORTGAGE,48000.0,Fully Paid,debt_consolidation,AZ,2.38,795.0,799.0
8000.0,13.57,Comsys,< 1 year,RENT,72000.0,Fully Paid,credit_card,MN,14.28,680.0,684.0
20000.0,11.83,Jabil,1 year,MORTGAGE,90000.0,Fully Paid,credit_card,FL,14.55,735.0,739.0
6000.0,12.53,"Murray, Frank & Sailer LLP",3 years,RENT,125000.0,Fully Paid,moving,NY,11.11,685.0,689.0
20000.0,11.83,W.G.CARR CO,5 years,RENT,50004.0,Fully Paid,credit_card,VA,21.48,735.0,739.0
12500.0,8.59,CBIZ-MMP  Inc,10+ years,MORTGAGE,135996.0,Fully Paid,other,AL,5.87,770.0,774.0
20000.0,13.22,Lockheed Martin Corp.,9 years,MORTGAGE,85000.0,Fully Paid,debt_consolidation,CO,16.63,705.0,709.0
19800.0,11.48,Verizon Communications,10+ years,RENT,116000.0,Fully Paid,debt_consolidation,MD,1.29,765.0,769.0
6500.0,16.35,United Parcel Service (UPS),< 1 year,RENT,21840.0,Fully Paid,other,KY,8.74,675.0,679.0
1000.0,14.96,Yamato Restaurant,1 year,RENT,37000.0,Fully Paid,major_purchase,CA,18.26,665.0,669.0
15000.0,12.18,Gannett Co.,4 years,RENT,52000.0,Fully Paid,debt_consolidation,MA,8.88,745.0,749.0
12300.0,12.53,Border International Trucks,1 year,MORTGAGE,31200.0,Fully Paid,debt_consolidation,TX,22.12,700.0,704.0
10000.0,12.87,DSLA,4 years,MORTGAGE,100000.0,Fully Paid,home_improvement,MI,15.67,690.0,694.0
2000.0,8.59,Frito-Lay  Inc,10+ years,MORTGAGE,188004.0,Fully Paid,other,AZ,8.55,720.0,724.0
5000.0,7.74,"APC, Inc",8 years,MORTGAGE,39500.0,Fully Paid,major_purchase,SC,10.27,795.0,799.0
4500.0,8.94,ConnectGO Internet Inc,4 years,MORTGAGE,100000.0,Fully Paid,car,IL,9.6,750.0,754.0
17500.0,11.83,Siemens Healthcare,3 years,MORTGAGE,78948.0,Fully Paid,other,IL,0.3,750.0,754.0
18500.0,12.87,Lennar Corp.,3 years,RENT,145000.0,Fully Paid,debt_consolidation,CA,1.62,710.0,714.0
12000.0,11.48,CR BARD,10+ years,OWN,57300.0,Fully Paid,major_purchase,NY,16.27,730.0,734.0
20000.0,13.22,Michael Stars,10+ years,RENT,90000.0,Fully Paid,debt_consolidation,CA,18.03,810.0,814.0
9000.0,7.74,Teva Neuroscience,< 1 year,MORTGAGE,130008.0,Fully Paid,home_improvement,MA,1.68,775.0,779.0
4500.0,7.74,Massachusetts General Hospital,2 years,RENT,44004.0,Fully Paid,medical,MA,15.3,750.0,754.0
7600.0,7.74,Lamplight Christian School,1 year,RENT,44208.0,Fully Paid,credit_card,NV,5.67,770.0,774.0
13000.0,8.59,Bridgers and Paxton Consulting Engineers,3 years,MORTGAGE,56004.0,Fully Paid,credit_card,NM,17.96,775.0,779.0
10400.0,12.53,Lebanon School District,2 years,RENT,41004.0,Fully Paid,other,PA,11.5,710.0,714.0
5000.0,13.22,Abbott Laboratories,1 year,RENT,36000.0,Fully Paid,major_purchase,IL,9.37,690.0,694.0
12000.0,8.94,Veitch-Radex America Inc.,2 years,OWN,39996.0,Fully Paid,debt_consolidation,OH,13.68,765.0,769.0
12000.0,12.18,General Electric Energy,1 year,MORTGAGE,90000.0,Fully Paid,debt_consolidation,CA,16.27,705.0,709.0
1000.0,14.61,WA State Office of Attorney General,10+ years,MORTGAGE,42588.0,Fully Paid,home_improvement,WA,17.75,675.0,679.0
5000.0,11.14,hargray,3 years,OTHER,60000.0,Fully Paid,other,SC,13.72,715.0,719.0
12500.0,8.94,Hilmar Cheese Company,4 years,RENT,42000.0,Fully Paid,debt_consolidation,CA,14.86,760.0,764.0
15250.0,15.31,Mytek Network Solutions,3 years,MORTGAGE,160000.0,Fully Paid,small_business,AZ,19.72,725.0,729.0
10000.0,8.59,Water and Wine Ristorante,2 years,RENT,39996.0,Fully Paid,educational,NJ,4.71,770.0,774.0
10000.0,8.94,Northrop Grumman,1 year,MORTGAGE,122000.0,Fully Paid,debt_consolidation,AL,14.5,735.0,739.0
5000.0,12.53,Global Financial Resources,2 years,RENT,19200.0,Fully Paid,debt_consolidation,LA,12.06,685.0,689.0
10500.0,13.92,Legacy Health Systems,2 years,OWN,70500.0,Charged Off,small_business,OR,22.21,755.0,759.0
14000.0,14.26,CGI,4 years,RENT,110000.0,Charged Off,debt_consolidation,FL,20.04,680.0,684.0
6000.0,13.57,State of CT DDS,< 1 year,MORTGAGE,30000.0,Fully Paid,educational,CT,10.84,675.0,679.0
20000.0,13.92,Xceed Financial FCU,1 year,RENT,45000.0,Fully Paid,debt_consolidation,CA,7.95,695.0,699.0
5000.0,14.26,123 appartment corp.,< 1 year,OWN,50004.0,Fully Paid,debt_consolidation,NY,18.57,665.0,669.0
20000.0,14.96,Wingate at South Hadley,1 year,MORTGAGE,101000.0,Fully Paid,small_business,MA,14.48,765.0,769.0
5000.0,16.35,Accenture LLP,5 years,RENT,83100.0,Fully Paid,debt_consolidation,MI,7.52,660.0,664.0
15000.0,11.14,University Hospital,10+ years,MORTGAGE,66000.0,Fully Paid,home_improvement,SC,13.98,750.0,754.0
5200.0,13.92,Citigroup Inc.,< 1 year,RENT,35000.0,Fully Paid,debt_consolidation,AZ,8.09,675.0,679.0
6500.0,15.65,Village of Trumansburg,4 years,RENT,42500.0,Charged Off,and another one coming up,"if I am ever truly going to see a light at the end of the tunnel I think it would be a better option for me to be able to pay everything immediately and make 1 monthly payment.    Thank you for your time and consideration  \"",medical,NY,13.16
9000.0,11.83,"PC-Doctor, Inc.",1 year,MORTGAGE,70000.0,Fully Paid,credit_card,NV,10.83,710.0,714.0
7500.0,11.48,Public Health Institute,1 year,RENT,56400.0,Fully Paid,wedding,CA,9.68,735.0,739.0
1000.0,12.53,Home Depot,6 years,MORTGAGE,26650.0,Fully Paid,credit_card,TX,21.12,680.0,684.0
12000.0,13.57,Great Southern Bank,3 years,RENT,52000.0,Fully Paid,debt_consolidation,MO,15.48,680.0,684.0
8000.0,11.14,Sensata Technologies,3 years,RENT,62000.0,Fully Paid,debt_consolidation,MA,9.54,730.0,734.0
20000.0,15.31,Strategic Staffing Solutions,6 years,RENT,78000.0,Fully Paid,debt_consolidation,MI,20.52,720.0,724.0
4000.0,11.83,Deltronic Corp,10+ years,RENT,45000.0,Fully Paid,wedding,CA,23.95,760.0,764.0
7200.0,13.22,Duro Tire & Wheel,1 year,RENT,40000.0,Fully Paid,debt_consolidation,GA,22.77,690.0,694.0
20000.0,16.0,LCG Corporation,2 years,RENT,60000.0,Fully Paid,small_business,CA,15.9,745.0,749.0
10800.0,13.57,Garden State Fuels Inc.,2 years,RENT,55000.0,Fully Paid,debt_consolidation,NJ,19.85,700.0,704.0
4000.0,17.39,Target,3 years,RENT,52600.0,Fully Paid,moving,MN,13.19,660.0,664.0
9300.0,11.83,Marlin Leasing,9 years,MORTGAGE,90000.0,Fully Paid,debt_consolidation,NJ,4.12,720.0,724.0
2600.0,13.22,Flagstar Bank,3 years,RENT,27000.0,Fully Paid,credit_card,MI,9.51,690.0,694.0
3000.0,11.83,United Health Group Inc.,1 year,RENT,42000.0,Fully Paid,debt_consolidation,MN,24.75,695.0,699.0
2000.0,11.14,Cameron University,2 years,RENT,42000.0,Fully Paid,educational,OK,13.49,710.0,714.0
4000.0,12.53,home daycare,2 years,RENT,35004.0,Fully Paid,debt_consolidation,MO,2.3,690.0,694.0
3500.0,11.48,The Gabbert Company,10+ years,MORTGAGE,35000.0,Fully Paid,major_purchase,TX,7.58,705.0,709.0
14000.0,16.7,CJW Medical Center,2 years,MORTGAGE,70000.0,Fully Paid,debt_consolidation,VA,12.75,705.0,709.0
3000.0,13.92,SMWIA Local 28,2 years,RENT,47208.0,Fully Paid,debt_consolidation,NY,3.05,675.0,679.0
20000.0,17.04,Accenture,1 year,RENT,100000.0,Fully Paid,small_business,TX,12.65,700.0,704.0
12000.0,13.57,Diamond Fruit,5 years,MORTGAGE,78000.0,Fully Paid,debt_consolidation,OR,23.72,680.0,684.0
3000.0,7.74,BVK Gaming Inc,2 years,RENT,64200.0,Fully Paid,car,CA,1.27,760.0,764.0
5000.0,12.18,Pacific Scientific Energetic Materials Co.,6 years,MORTGAGE,72000.0,Fully Paid,debt_consolidation,AZ,24.73,690.0,694.0
1000.0,13.57,Michigan Brewing Co.,< 1 year,RENT,12000.0,Charged Off,other,MI,14.0,680.0,684.0
20000.0,13.92,KAISER PERMANENTE,10+ years,RENT,84000.0,Fully Paid,credit_card,CA,20.03,705.0,709.0
14000.0,16.0,BT Conferencing,2 years,RENT,75000.0,Fully Paid,debt_consolidation,PA,16.32,660.0,664.0
4800.0,12.53,Department of Defense (DOD),< 1 year,OTHER,63200.0,Fully Paid,major_purchase,GA,11.94,685.0,689.0
7750.0,13.16,Dell Inc,4 years,RENT,26000.0,Fully Paid,credit_card,TX,17.54,675.0,679.0
5000.0,8.59,Delphi,3 years,MORTGAGE,40000.0,Fully Paid,major_purchase,MI,6.87,735.0,739.0
4800.0,8.59,RDF Media,1 year,MORTGAGE,57996.0,Fully Paid,moving,DE,8.07,735.0,739.0
20000.0,12.18,"Kronick, Moskovitz, Tiedemann & Girard",3 years,MORTGAGE,190000.0,Fully Paid,credit_card,CA,24.04,720.0,724.0
8000.0,13.92,VAMC,10+ years,MORTGAGE,80000.0,Fully Paid,debt_consolidation,NM,13.38,675.0,679.0
20000.0,12.18,Northrop Grumman,3 years,RENT,66996.0,Fully Paid,debt_consolidation,VA,20.11,725.0,729.0
18000.0,17.39,Catapult Learning,< 1 year,MORTGAGE,245000.0,Fully Paid,credit_card,FL,15.67,670.0,674.0
12000.0,11.14,,< 1 year,RENT,32000.0,Fully Paid,debt_consolidation,CA,18.0,735.0,739.0
10000.0,8.59,Major retailer,4 years,RENT,73000.0,Fully Paid,major_purchase,OH,6.87,765.0,769.0
6000.0,12.87,Limited Brands,< 1 year,RENT,65004.0,Fully Paid,wedding,NJ,13.09,680.0,684.0
5000.0,7.74,,< 1 year,OWN,15000.0,Fully Paid,debt_consolidation,NM,15.6,755.0,759.0
11000.0,14.61,Merrill Corporation,5 years,RENT,69000.0,Fully Paid,debt_consolidation,DC,12.7,680.0,684.0
7000.0,7.74,Childrensn's Hospital Boston,1 year,RENT,52000.0,Fully Paid,debt_consolidation,MA,2.58,765.0,769.0
9850.0,8.94,rochelle paint & body,< 1 year,MORTGAGE,32000.0,Fully Paid,debt_consolidation,GA,16.95,735.0,739.0
7500.0,7.74,"Cambridge Capital Fund, LLC",1 year,MORTGAGE,31200.0,Fully Paid,home_improvement,UT,3.08,795.0,799.0
4800.0,13.22,Gregory Sukornyk,2 years,RENT,50000.0,Fully Paid,educational,FL,11.98,675.0,679.0
19000.0,11.48,InSTEDD,1 year,RENT,175000.0,Fully Paid,credit_card,CA,12.73,745.0,749.0
2800.0,12.87,mimis cafe,3 years,MORTGAGE,45325.0,Charged Off,wedding,CA,3.52,680.0,684.0
10000.0,7.74,norman photography,10+ years,MORTGAGE,70000.0,Fully Paid,home_improvement,CT,15.1,795.0,799.0
5000.0,8.59,Pelco,5 years,OWN,33004.0,Fully Paid,moving,CA,2.29,735.0,739.0
18000.0,15.31,innovative dining group,9 years,RENT,95000.0,Fully Paid,small_business,CA,17.38,725.0,729.0
7200.0,14.26,Alienware Corp,5 years,MORTGAGE,75000.0,Fully Paid,other,FL,18.13,665.0,669.0
16000.0,11.83,Ambrose Facilities Management,4 years,RENT,65000.0,Fully Paid,home_improvement,FL,4.91,740.0,744.0
9200.0,7.74,University of Georgia,10+ years,MORTGAGE,61476.0,Fully Paid,debt_consolidation,GA,1.78,790.0,794.0
13000.0,12.87,Deloitte,< 1 year,RENT,78000.0,Fully Paid,debt_consolidation,MD,6.26,700.0,704.0
20000.0,14.61,State of Connecticut,10+ years,RENT,85155.29,Fully Paid,credit_card,CT,15.15,695.0,699.0
20000.0,16.35,Abelman  Frayne  and  Schwab,< 1 year,RENT,99996.0,Fully Paid,debt_consolidation,NY,20.93,675.0,679.0
12000.0,12.18,Fluent Energy Corporation,5 years,MORTGAGE,100000.0,Fully Paid,home_improvement,NY,17.09,710.0,714.0
9000.0,8.59,Citi,6 years,MORTGAGE,75000.0,Fully Paid,major_purchase,NJ,4.83,790.0,794.0
20000.0,11.83,Amazon.com,1 year,MORTGAGE,105000.0,Fully Paid,debt_consolidation,WA,3.69,755.0,759.0
15000.0,11.48,Gilead Sciences,< 1 year,MORTGAGE,65000.0,Fully Paid,debt_consolidation,CA,12.02,740.0,744.0
12900.0,11.14,"PT, OT, Speech Now",6 years,MORTGAGE,60000.0,Fully Paid,debt_consolidation,WA,6.24,740.0,744.0
15000.0,11.48,Goldman Sachs Group,< 1 year,MORTGAGE,80000.0,Fully Paid,major_purchase,NY,0.66,750.0,754.0
12800.0,11.83,Bristol Myers Squibb,< 1 year,RENT,44640.0,Fully Paid,credit_card,SC,10.65,715.0,719.0
10000.0,18.43,FIDELITY INVESTMENTS,8 years,MORTGAGE,135000.0,Fully Paid,small_business,TX,21.85,680.0,684.0
10000.0,7.74,VPA,1 year,RENT,135000.0,Fully Paid,debt_consolidation,MI,7.7,785.0,789.0
8000.0,14.96,County of Yavapai,2 years,MORTGAGE,64000.0,Fully Paid,debt_consolidation,AZ,8.91,695.0,699.0
9500.0,8.94,Department of Education,3 years,MORTGAGE,85500.0,Fully Paid,home_improvement,AR,6.27,745.0,749.0
3375.0,12.53,Sears Holdings Corporation,8 years,OWN,18000.0,Fully Paid,debt_consolidation,IL,24.2,685.0,689.0
11000.0,11.48,,1 year,RENT,27300.0,Fully Paid,putting together an apartment here,debt_consolidation,Off With Their Heads!,12.84,0.0
8000.0,12.18,Allied Barton,< 1 year,RENT,47000.0,Fully Paid,major_purchase,CA,2.32,760.0,764.0
4800.0,13.22,Paul Davis Restoration and Remodeling,2 years,RENT,42000.0,Fully Paid,debt_consolidation,SC,15.6,675.0,679.0
15850.0,11.14,El Monte City School District,10+ years,OTHER,78411.0,Charged Off,debt_consolidation,CA,9.5,760.0,764.0
2400.0,12.53,Midland Retail,3 years,RENT,35000.0,Fully Paid,other,OH,21.79,705.0,709.0
7000.0,8.59,National Packaging Corporation,< 1 year,RENT,90000.0,Fully Paid,car,NJ,4.88,735.0,739.0
15000.0,11.48,CRC CAPITAL GROUP LLC,3 years,OTHER,84996.0,Fully Paid,debt_consolidation,NY,10.02,740.0,744.0
5000.0,16.7,Self Employed,3 years,RENT,40900.0,Fully Paid,small_business,CA,20.39,700.0,704.0
8000.0,8.59,Newman Regional Health,8 years,MORTGAGE,40000.0,Fully Paid,debt_consolidation,KS,17.7,755.0,759.0
3000.0,13.22,World Financial Group,4 years,MORTGAGE,50402.03,Fully Paid,credit_card,GA,11.45,690.0,694.0
7000.0,8.59,BMW of Bellevue,3 years,MORTGAGE,85000.0,Fully Paid,wedding,WA,3.92,760.0,764.0
20000.0,13.22,Robert Half International,10+ years,MORTGAGE,165000.0,Fully Paid,credit_card,CA,16.83,710.0,714.0
8000.0,12.53,US Government,2 years,RENT,60000.0,Fully Paid,other,IL,6.26,705.0,709.0
5000.0,11.14,Orchid Cellmark,1 year,OTHER,70000.0,Fully Paid,educational,TX,14.52,715.0,719.0
6900.0,12.87,Top Quality Designs,< 1 year,MORTGAGE,39000.0,Fully Paid,home_improvement,TX,4.65,690.0,694.0
8000.0,12.87,Middlesex County,4 years,RENT,26000.0,Fully Paid,debt_consolidation,NJ,5.72,705.0,709.0
10800.0,13.22,Valic,< 1 year,RENT,57000.0,Fully Paid,credit_card,TX,19.03,690.0,694.0
6500.0,7.74,"Evergreen Packaging, Inc.",1 year,MORTGAGE,50000.0,Fully Paid,credit_card,FL,16.54,745.0,749.0
4800.0,11.14,Wal-Mart Stores,10+ years,RENT,35000.0,Fully Paid,credit_card,WV,23.66,720.0,724.0
20000.0,11.48,Hidalgo Medical Services,5 years,MORTGAGE,105000.0,Fully Paid,debt_consolidation,NM,7.23,765.0,769.0
15000.0,11.48,SGASI Production Staging,1 year,RENT,48000.0,Fully Paid,debt_consolidation,FL,7.35,740.0,744.0
6500.0,13.22,Paychex,10+ years,OWN,62500.0,Fully Paid,medical,FL,9.23,680.0,684.0
6350.0,8.94,,< 1 year,MORTGAGE,36000.0,Fully Paid,credit_card,PA,21.6,730.0,734.0
5750.0,13.57,US Xpress Enterprises,1 year,MORTGAGE,42000.0,Fully Paid,car,MI,13.19,675.0,679.0
4575.0,15.65,United States Marine Corps,1 year,OWN,24996.0,Fully Paid,debt_consolidation,CO,23.62,710.0,714.0
9000.0,12.53,GRIC,4 years,RENT,84800.0,Fully Paid,house,AZ,21.4,690.0,694.0
7500.0,13.92,Global Fitness Center,7 years,RENT,50000.0,Charged Off,debt_consolidation,MA,13.9,675.0,679.0
11000.0,11.14,Aim Healthcare Inc,5 years,RENT,47160.0,Fully Paid,credit_card,KY,19.52,725.0,729.0
2500.0,12.53,Aetna Inc.,10+ years,RENT,38060.0,Fully Paid,other,MA,10.97,680.0,684.0
4700.0,15.31,Dickman Business Brokers,2 years,OWN,19200.0,Fully Paid,debt_consolidation,NJ,8.56,675.0,679.0
19125.0,13.92,Columbia University Medical Center,2 years,RENT,90200.0,Fully Paid,credit_card,NY,10.28,695.0,699.0
5750.0,8.94,Progressive Insurance,3 years,RENT,45900.0,Fully Paid,debt_consolidation,CO,20.94,725.0,729.0
1250.0,11.83,Nielsen Farms,4 years,OWN,29500.0,Fully Paid,other,MT,21.4,695.0,699.0
4900.0,12.18,Leonard D Marsocci,3 years,RENT,70000.0,Fully Paid,debt_consolidation,FL,17.5,695.0,699.0
8600.0,14.96,American Institute for Foreign Studies,1 year,RENT,36500.0,Fully Paid,car,CT,18.58,680.0,684.0
18000.0,12.87,Self employed,1 year,OWN,43236.0,Fully Paid,other,MD,13.27,705.0,709.0
7200.0,16.35,national grid,10+ years,MORTGAGE,82000.0,Fully Paid,home_improvement,NY,8.97,660.0,664.0
4500.0,12.87,Direct Capital Corp.,1 year,RENT,35000.0,Fully Paid,credit_card,NH,19.78,680.0,684.0
2500.0,11.48,Butler Hospital,9 years,OWN,35000.0,Fully Paid,educational,RI,18.62,700.0,704.0
10000.0,8.94,Dynamic Logic,3 years,RENT,60350.0,Fully Paid,credit_card,NY,4.24,740.0,744.0
7000.0,11.83,Jacuzzi,4 years,RENT,31221.0,Fully Paid,debt_consolidation,TX,5.69,710.0,714.0
20000.0,12.53,Yesterday's Island,4 years,RENT,40000.0,Fully Paid,debt_consolidation,MA,17.76,720.0,724.0
20000.0,12.53,Muscogee County School,10+ years,MORTGAGE,108000.0,Fully Paid,credit_card,GA,15.77,715.0,719.0
3500.0,8.0,,< 1 year,MORTGAGE,30000.0,Fully Paid,debt_consolidation,IL,2.24,745.0,749.0
1500.0,13.47,Jeannette Specialty Glass,4 years,OWN,18000.0,Fully Paid,other,PA,21.47,705.0,709.0
3000.0,8.0,Discover Financial Services,9 years,MORTGAGE,30000.0,Fully Paid,debt_consolidation,UT,10.4,740.0,744.0
2400.0,12.21,ADP,< 1 year,OWN,36000.0,Fully Paid,moving,MD,7.0,690.0,694.0
7500.0,12.53,pitman company,10+ years,RENT,48000.0,Fully Paid,car,NY,20.51,690.0,694.0
7000.0,16.63,aprill landscaping,7 years,RENT,30996.0,Fully Paid,debt_consolidation,NJ,8.32,665.0,669.0
8000.0,9.32,Ameripro Siding and Windows,10+ years,MORTGAGE,43000.0,Fully Paid,home_improvement,MO,16.02,750.0,754.0
8000.0,12.84,Waterford Wedgwood USA,4 years,RENT,47000.0,Charged Off,debt_consolidation,NJ,14.76,690.0,694.0
7400.0,8.0,Venezia,6 years,MORTGAGE,37000.0,Fully Paid,debt_consolidation,PA,13.43,750.0,754.0
6600.0,12.84,Dokken Engineering,3 years,RENT,70000.0,Fully Paid,medical,CA,5.26,740.0,744.0
8000.0,9.63,"CardUSA, Inc.",8 years,MORTGAGE,48000.0,Fully Paid,other,FL,9.2,760.0,764.0
7000.0,9.32,Monitcello Central School District,4 years,MORTGAGE,49000.0,Fully Paid,credit_card,NY,19.64,735.0,739.0
8000.0,13.16,Waste Management Inc.,2 years,RENT,50000.0,Fully Paid,debt_consolidation,OH,9.96,680.0,684.0
10875.0,12.84,Allied-Barton Security,9 years,RENT,41500.0,Charged Off,credit_card,FL,13.76,695.0,699.0
25000.0,15.68,Western Athletic Clubs,2 years,RENT,108000.0,Charged Off,debt_consolidation,CA,15.73,680.0,684.0
6000.0,15.37,Roll Forming Corporation,1 year,MORTGAGE,72000.0,Fully Paid,home_improvement,KY,3.3,705.0,709.0
10000.0,10.95,Medical College of Wisconsin,< 1 year,RENT,70000.0,Fully Paid,moving,WI,0.82,720.0,724.0
16000.0,11.89,Microsoft Corporation,1 year,MORTGAGE,78000.0,Fully Paid,major_purchase,WA,5.23,740.0,744.0
25000.0,14.11,Executive 1 Financial,3 years,MORTGAGE,116736.0,Charged Off,other,IL,15.53,710.0,714.0
4000.0,11.89,AFLAC,5 years,MORTGAGE,68004.0,Charged Off,educational,OH,19.76,705.0,709.0
20000.0,13.16,Candaian national railroad,10+ years,RENT,75000.0,Fully Paid,debt_consolidation,MN,6.75,700.0,704.0
7775.0,12.21,Grays Harbor Communications,10+ years,MORTGAGE,63000.0,Fully Paid,debt_consolidation,WA,14.86,695.0,699.0
12000.0,9.63,HGL WELFARE FUNDS,5 years,RENT,60000.0,Fully Paid,credit_card,NJ,19.4,760.0,764.0
21125.0,13.16,Shaw Group,1 year,MORTGAGE,176608.0,Fully Paid,debt_consolidation,GA,11.47,705.0,709.0
7800.0,13.79,Harbour Club,5 years,RENT,34000.0,Charged Off,debt_consolidation,OH,21.18,670.0,674.0
7000.0,9.32,Comm-tronics of Va,9 years,MORTGAGE,40000.0,Fully Paid,debt_consolidation,VA,15.03,740.0,744.0
10000.0,12.53,KeyPoint Credit Union,2 years,RENT,46000.0,Fully Paid,debt_consolidation,CA,12.83,700.0,704.0
1200.0,7.68,American Laser Centers,4 years,MORTGAGE,32000.0,Fully Paid,home_improvement,TX,14.93,755.0,759.0
5000.0,16.0,AK Steel Holding,9 years,MORTGAGE,32400.0,Charged Off,debt_consolidation,OH,16.3,660.0,664.0
25000.0,11.58,Network Controls & Electric Inc,1 year,MORTGAGE,100000.0,Fully Paid,other,SC,21.05,760.0,764.0
15000.0,16.0,Maritz LLC,10+ years,MORTGAGE,70000.0,Fully Paid,debt_consolidation,MO,7.83,660.0,664.0
12800.0,12.84,u.s. navy,7 years,RENT,60000.0,Fully Paid,debt_consolidation,OH,11.62,695.0,699.0
9300.0,9.32,Nordstrom,8 years,RENT,54996.0,Fully Paid,debt_consolidation,IL,12.15,750.0,754.0
5000.0,11.89,Medaxial Inc.,< 1 year,RENT,50000.0,Fully Paid,debt_consolidation,NJ,2.5,770.0,774.0
8500.0,10.95,Remote Control-Rotork,9 years,MORTGAGE,42000.0,Fully Paid,home_improvement,RI,0.43,815.0,819.0
10000.0,9.63,Retired,9 years,MORTGAGE,43700.0,Charged Off,other,TX,1.35,735.0,739.0
8800.0,9.32,Improvement Direct,2 years,RENT,23800.0,Fully Paid,major_purchase,CA,2.37,780.0,784.0
10000.0,12.21,MKS Instrument,2 years,RENT,92004.0,Charged Off,moving,MA,10.45,700.0,704.0
15000.0,12.84,Santa Monica UCLA Medical Center,10+ years,MORTGAGE,95000.0,Charged Off,credit_card,CA,9.75,695.0,699.0
5000.0,7.68,advance bldg,2 years,RENT,35880.0,Fully Paid,other,NY,3.65,795.0,799.0
6000.0,13.79,State of Utah,< 1 year,MORTGAGE,70000.0,Fully Paid,debt_consolidation,UT,7.99,670.0,674.0
6000.0,11.89,coca cola,10+ years,MORTGAGE,70000.0,Charged Off,debt_consolidation,CA,15.87,695.0,699.0
9250.0,14.11,Park Dental,7 years,RENT,31000.0,Fully Paid,debt_consolidation,MN,19.9,665.0,669.0
5000.0,11.89,EDUCATORS INC. Private Christain Schools,4 years,MORTGAGE,30000.0,Charged Off,educational,FL,18.2,730.0,734.0
7750.0,19.79,Walt Disney Co.,10+ years,MORTGAGE,53000.0,Charged Off,small_business,FL,15.26,690.0,694.0
12000.0,9.63,Chaffey Joint Union High School District,4 years,RENT,70000.0,Fully Paid,debt_consolidation,CA,8.86,755.0,759.0
25000.0,11.89,,< 1 year,RENT,85000.0,Fully Paid,debt_consolidation,CA,19.48,735.0,739.0
8500.0,12.21,Caesar's Palace,1 year,MORTGAGE,36156.0,Fully Paid,other,NV,9.23,720.0,724.0
10800.0,12.84,SAIC,5 years,MORTGAGE,48000.0,Fully Paid,credit_card,MD,22.45,685.0,689.0
13200.0,13.16,Brown & Brown Insurance,1 year,MORTGAGE,60000.0,Fully Paid,debt_consolidation,AZ,7.26,695.0,699.0
21600.0,11.26,(self) Castleforte Group,10+ years,RENT,90000.0,Charged Off,debt_consolidation,CA,7.91,750.0,754.0
8000.0,12.84,First Solutions,2 years,MORTGAGE,30000.0,Fully Paid,other,NV,4.28,685.0,689.0
9900.0,11.89,Hewitt Associates,4 years,RENT,41303.0,Fully Paid,debt_consolidation,FL,18.19,705.0,709.0
10000.0,12.21,Backstage employment and referral,5 years,MORTGAGE,38000.0,Fully Paid,debt_consolidation,NV,7.14,700.0,704.0
8500.0,12.53,,< 1 year,RENT,25000.0,Fully Paid,debt_consolidation,PA,18.72,685.0,689.0
20000.0,11.89,Pepperidge Farm,2 years,RENT,72000.0,Fully Paid,debt_consolidation,CT,14.12,725.0,729.0
20000.0,16.0,Systems Definition  Inc.,< 1 year,RENT,75996.0,Fully Paid,debt_consolidation,MD,23.57,695.0,699.0
17000.0,11.58,Astellas US LLC,5 years,MORTGAGE,67642.0,Fully Paid,lower my finance rate,Debt Consolidation Initiative,600xx,0.0,Aug-1991
11000.0,9.63,Bakersfield Memorial Hospital,< 1 year,RENT,51000.0,Fully Paid,other,CA,19.48,735.0,739.0
12000.0,12.21,Bristol-Myers Squibb,3 years,RENT,104000.0,Fully Paid,educational,CT,8.75,705.0,709.0
10000.0,15.37,MattsonJack,3 years,RENT,76000.0,Fully Paid,car,MO,12.55,665.0,669.0
10000.0,16.95,Condor Transport,1 year,RENT,51000.0,Fully Paid,small_business,OH,23.53,700.0,704.0
6000.0,10.95,Alltel,10+ years,MORTGAGE,68004.0,Fully Paid,other,NM,21.33,715.0,719.0
10000.0,12.53,Cambridge,1 year,RENT,71020.0,Fully Paid,debt_consolidation,FL,9.8,705.0,709.0
14800.0,18.53,Ball Metal Corp.,7 years,MORTGAGE,60000.0,Charged Off,small_business,FL,1.58,715.0,719.0
6000.0,11.89,Mitchell Gardens coops,3 years,RENT,48000.0,Fully Paid,debt_consolidation,NY,23.55,710.0,714.0
15000.0,17.58,Capgemini,2 years,MORTGAGE,78000.0,Fully Paid,small_business,PA,9.18,690.0,694.0
4000.0,14.11,Zylog Systems Ltd,2 years,RENT,69996.0,Fully Paid,debt_consolidation,NJ,2.43,680.0,684.0
5000.0,12.53,Super Nails,10+ years,RENT,32000.0,Fully Paid,educational,SC,11.81,680.0,684.0
15000.0,16.32,Ria Financial. ( EuroNet),< 1 year,MORTGAGE,110000.0,Fully Paid,debt_consolidation,WA,10.37,660.0,664.0
15000.0,13.16,Maxim Integrated Products,10+ years,MORTGAGE,150000.0,Fully Paid,debt_consolidation,CO,11.67,685.0,689.0
12000.0,13.16,Sidebar,4 years,RENT,74500.0,Charged Off,debt_consolidation,IL,18.22,695.0,699.0
10400.0,13.16,source refrigeration,7 years,MORTGAGE,85000.0,Fully Paid,debt_consolidation,CA,6.73,680.0,684.0
9600.0,14.11,ConforMIS,< 1 year,RENT,90000.0,Fully Paid,major_purchase,MA,12.72,665.0,669.0
8500.0,12.84,Wentworth Management,6 years,OWN,50000.0,Fully Paid,debt_consolidation,GA,24.43,730.0,734.0
6000.0,12.87,Medin Corp,3 years,MORTGAGE,87000.0,Does not meet the credit policy. Status:Fully Paid,wedding,NJ,9.09,710.0,714.0
15000.0,11.83,Cablevision,8 years,MORTGAGE,189996.0,Does not meet the credit policy. Status:Fully Paid,debt_consolidation,NY,16.26,765.0,769.0
5000.0,14.26,Lee & Associates Management,2 years,RENT,38293.0,Does not meet the credit policy. Status:Fully Paid,debt_consolidation,WA,19.99,705.0,709.0
20000.0,12.53,Costco Wholesale,10+ years,MORTGAGE,62000.0,Does not meet the credit policy. Status:Fully Paid,major_purchase,UT,6.89,730.0,734.0
5400.0,12.18,Daimler Financial Services,6 years,RENT,65520.0,Does not meet the credit policy. Status:Charged Off,debt_consolidation,TX,18.42,710.0,714.0
10000.0,12.87,northern trust,1 year,MORTGAGE,50000.0,Does not meet the credit policy. Status:Fully Paid,debt_consolidation,TX,20.69,700.0,704.0
9000.0,15.65,Parker Jewish,2 years,OWN,36996.0,Does not meet the credit policy. Status:Charged Off,debt_consolidation,NY,16.35,675.0,679.0
10000.0,15.31,Hot Topic,6 years,MORTGAGE,42000.0,Does not meet the credit policy. Status:Charged Off,debt_consolidation,FL,17.45,685.0,689.0
20000.0,12.53,Benning Power,3 years,MORTGAGE,89100.0,Does not meet the credit policy. Status:Fully Paid,debt_consolidation,TX,18.36,725.0,729.0
3375.0,17.04,,< 1 year,RENT,25000.0,Does not meet the credit policy. Status:Fully Paid,educational,PA,22.75,675.0,679.0
10000.0,14.26,"hsbc bank, na",1 year,MORTGAGE,105000.0,Does not meet the credit policy. Status:Fully Paid,debt_consolidation,NY,15.92,685.0,689.0
7500.0,16.0,Norwegian Cruise Line,5 years,MORTGAGE,94000.0,Does not meet the credit policy. Status:Fully Paid,home_improvement,FL,11.53,670.0,674.0
18825.0,19.13,Western College,2 years,MORTGAGE,118000.0,Does not meet the credit policy. Status:Charged Off,small_business,CA,20.82,680.0,684.0
10000.0,11.83,All Animal Clinic,< 1 year,RENT,79000.0,Does not meet the credit policy. Status:Fully Paid,debt_consolidation,MO,22.98,715.0,719.0
7200.0,13.57,Duval County Public Schools,3 years,RENT,37902.0,Does not meet the credit policy. Status:Fully Paid,debt_consolidation,FL,16.31,680.0,684.0
9500.0,11.83,Steel Technologies,10+ years,MORTGAGE,55000.0,Does not meet the credit policy. Status:Fully Paid,debt_consolidation,OH,13.7,730.0,734.0
1000.0,17.39,Anthony Jack's Wood Fire Grill,3 years,RENT,25000.0,Does not meet the credit policy. Status:Fully Paid,educational,CT,3.02,670.0,674.0
4500.0,19.82,Cort Furniture Rental,8 years,MORTGAGE,51996.0,Does not meet the credit policy. Status:Fully Paid,debt_consolidation,MI,23.52,680.0,684.0
20000.0,12.87,MCC Capital LLC,4 years,MORTGAGE,110000.0,Does not meet the credit policy. Status:Charged Off,credit_card,CA,23.4,715.0,719.0
14075.0,13.22,Federal Bureau of Investigation (FBI),10+ years,MORTGAGE,104569.0,Does not meet the credit policy. Status:Fully Paid,debt_consolidation,MD,23.71,690.0,694.0
2000.0,8.59,US Postal Service (USPS),5 years,RENT,23000.0,Does not meet the credit policy. Status:Fully Paid,educational,PA,5.63,735.0,739.0
15000.0,13.92,IPC,1 year,RENT,84000.0,Does not meet the credit policy. Status:Fully Paid,wedding,CA,11.95,700.0,704.0
5000.0,12.18,Philadelphia Financial Group,9 years,MORTGAGE,150000.0,Does not meet the credit policy. Status:Charged Off,debt_consolidation,GA,20.18,700.0,704.0
13850.0,12.87,Miami County ESC,2 years,MORTGAGE,42452.0,Does not meet the credit policy. Status:Fully Paid,debt_consolidation,OH,21.14,700.0,704.0
1500.0,20.17,First Data,< 1 year,RENT,39000.0,Does not meet the credit policy. Status:Fully Paid,other,NY,17.32,675.0,679.0
12675.0,11.48,Draftfcb Chicago,3 years,OTHER,41600.0,Does not meet the credit policy. Status:Charged Off,I pay my bills and I pay on time.  I stay on top of my financial status.  My goal is to free myself of credit card debt,debt_consolidation,Consolidate debt & wedding expenses,16.07,0.0
3800.0,14.96,CVS Caremark Corp.,1 year,OWN,27000.0,Does not meet the credit policy. Status:Fully Paid,car,MA,4.44,700.0,704.0
3250.0,14.42,"Out Tech, Inc.",4 years,MORTGAGE,64900.0,Does not meet the credit policy. Status:Fully Paid,educational,PA,24.73,680.0,684.0
10500.0,11.89,U.S. Coast Gaurd,8 years,MORTGAGE,63745.0,Does not meet the credit policy. Status:Fully Paid,debt_consolidation,FL,11.2,720.0,724.0
9600.0,12.21,Westat,10+ years,MORTGAGE,97000.0,Does not meet the credit policy. Status:Fully Paid,debt_consolidation,MD,23.72,710.0,714.0
24250.0,20.11,Self-Employed,4 years,RENT,150000.0,Does not meet the credit policy. Status:Charged Off,small_business,NY,15.19,685.0,689.0
25000.0,15.68,Nationstar Mortgage LLC,9 years,MORTGAGE,151000.0,Does not meet the credit policy. Status:Charged Off,debt_consolidation,TX,12.96,715.0,719.0
10400.0,16.32,"Cushman & Wakefield, Inc.",2 years,RENT,66000.0,Does not meet the credit policy. Status:Fully Paid,debt_consolidation,NJ,8.87,665.0,669.0
5000.0,15.05,RxUnlimited Pharmacy,< 1 year,MORTGAGE,108000.0,Does not meet the credit policy. Status:Fully Paid,debt_consolidation,CA,8.2,660.0,664.0
4000.0,17.26,Lakeside Bank,5 years,OWN,30000.0,Does not meet the credit policy. Status:Fully Paid,credit_card,IL,8.96,715.0,719.0
12000.0,12.21,Retired,10+ years,OWN,50000.0,Does not meet the credit policy. Status:Fully Paid,debt_consolidation,NY,24.74,735.0,739.0
10750.0,13.47,Aldi,< 1 year,RENT,28000.0,Does not meet the credit policy. Status:Charged Off,debt_consolidation,MI,16.54,695.0,699.0
10000.0,12.84,MasterCard Worldwide,6 years,MORTGAGE,207000.0,Does not meet the credit policy. Status:Fully Paid,major_purchase,NY,3.74,695.0,699.0
