7500.0,8.0,JEK,7 years,MORTGAGE,45000.0,Fully Paid,other,KS,7.17,795.0,799.0
25000.0,13.55,Catherine Reitmyer(self),1 year,MORTGAGE,64000.0,Charged Off,major_purchase,CT,13.5,695.0,699.0
6700.0,12.92,,< 1 year,RENT,19368.0,Fully Paid,debt_consolidation,CA,15.06,665.0,669.0
7500.0,12.92,HCA  Medical Center,1 year,RENT,50000.0,Charged Off,other,VA,18.01,670.0,674.0
7000.0,12.92,Childrens's Medical Center,9 years,MORTGAGE,82000.0,Fully Paid,credit_card,OH,9.06,660.0,664.0
6000.0,10.39,WM,< 1 year,RENT,61000.0,Fully Paid,credit_card,MA,9.29,690.0,694.0
5800.0,11.97,Team Ford,7 years,MORTGAGE,89018.0,Fully Paid,credit_card,NV,14.59,675.0,679.0
2000.0,7.68,SourceCorp Inc,< 1 year,RENT,80004.0,Fully Paid,other,CO,11.46,760.0,764.0
6600.0,10.71,Imhoff Eye Center,1 year,MORTGAGE,47000.0,Charged Off,home_improvement,GA,13.3,700.0,704.0
7500.0,8.0,Along Side Ministries,2 years,MORTGAGE,44000.0,Fully Paid,other,AZ,0.95,795.0,799.0
5000.0,9.45,,< 1 year,RENT,40000.0,Fully Paid,debt_consolidation,NY,15.06,725.0,729.0
7000.0,11.66,bd construction,10+ years,OWN,65000.0,Fully Paid,home_improvement,MN,19.68,685.0,689.0
7000.0,10.08,"Vacuum Barrier Alliance, Inc.",8 years,MORTGAGE,100000.0,Fully Paid,other,CA,21.54,740.0,744.0
6000.0,10.08,DMS Marketing,1 year,RENT,48000.0,Charged Off,debt_consolidation,CA,9.3,705.0,709.0
7000.0,8.63,State of California,10+ years,MORTGAGE,85000.0,Fully Paid,wedding,CA,18.52,745.0,749.0
7500.0,8.0,amerisource bergen,4 years,OTHER,125000.0,Fully Paid,other,TX,5.46,795.0,799.0
7500.0,11.03,Camelot Schools,1 year,RENT,105000.0,Fully Paid,debt_consolidation,IL,11.14,690.0,694.0
7500.0,12.29,,< 1 year,RENT,35300.0,Fully Paid,credit_card,CA,14.96,675.0,679.0
7000.0,8.63,Restaurant Eve,< 1 year,RENT,46800.0,Fully Paid,moving,VA,12.23,725.0,729.0
7500.0,11.03,Atkinson Management Resources Inc.,10+ years,MORTGAGE,60000.0,Fully Paid,other,IL,10.94,685.0,689.0
7500.0,11.34,Hospital for Special Surgery,< 1 year,MORTGAGE,97000.0,Fully Paid,credit_card,NY,17.15,685.0,689.0
7500.0,10.08,ADP,2 years,MORTGAGE,81000.0,Charged Off,debt_consolidation,MI,14.79,710.0,714.0
7000.0,9.76,Fidelity National Financial,2 years,OWN,44000.0,Fully Paid,debt_consolidation,FL,18.38,720.0,724.0
7500.0,10.08,Thales Avionics,3 years,MORTGAGE,145000.0,Fully Paid,medical,WA,5.53,705.0,709.0
12000.0,12.61,Save-A-Lot,4 years,MORTGAGE,50268.0,Fully Paid,debt_consolidation,MI,10.12,670.0,674.0
1000.0,7.37,First State Bank of Uvalde,4 years,OWN,40000.0,Fully Paid,wedding,TX,12.9,775.0,779.0
7500.0,10.08,QUalcomm Inc,3 years,RENT,85000.0,Fully Paid,debt_consolidation,CA,8.1,710.0,714.0
5000.0,10.71,The Weglarz Co.,4 years,MORTGAGE,30000.0,Fully Paid,credit_card,IL,20.28,715.0,719.0
7000.0,8.0,Embassy of Yemen,4 years,RENT,44000.0,Fully Paid,debt_consolidation,VA,16.04,775.0,779.0
10000.0,8.32,DandD Toys,2 years,MORTGAGE,36000.0,Fully Paid,other,UT,1.77,755.0,759.0
10000.0,11.97,"Yankee Greyhound Racing, Inc.",10+ years,RENT,60000.0,Fully Paid,debt_consolidation,NH,24.94,730.0,734.0
10000.0,8.0,"ADR International, Inc",4 years,MORTGAGE,65000.0,Charged Off,other,MI,12.55,800.0,804.0
9600.0,11.97,GE Capital,3 years,RENT,65000.0,Fully Paid,debt_consolidation,OH,14.95,680.0,684.0
5000.0,10.08,Catonsville Presbyterian Church Family Child Care Center,2 years,OWN,52000.0,Fully Paid,other,MD,5.33,705.0,709.0
9000.0,10.71,Brio Tuscan Grille,5 years,RENT,39000.0,Fully Paid,moving,NC,11.69,695.0,699.0
5000.0,8.0,,< 1 year,OWN,40000.0,Fully Paid,home_improvement,FL,5.7,760.0,764.0
6000.0,8.63,NOETIX CORPORATION,1 year,MORTGAGE,100000.0,Fully Paid,debt_consolidation,TX,4.55,725.0,729.0
6400.0,11.66,Irvine Pharmaceutical Services,< 1 year,MORTGAGE,100000.0,Charged Off,credit_card,CA,20.53,700.0,704.0
6400.0,8.63,CTE Express,8 years,MORTGAGE,58900.0,Fully Paid,other,FL,10.55,725.0,729.0
6400.0,11.34,State Street Corp,< 1 year,MORTGAGE,52000.0,Fully Paid,debt_consolidation,RI,16.98,690.0,694.0
9600.0,11.97,Evvia,< 1 year,RENT,70000.0,Charged Off,debt_consolidation,CA,6.6,675.0,679.0
9525.0,11.66,City of Des Moines (wa.),1 year,MORTGAGE,60417.0,Charged Off,credit_card,WA,19.58,695.0,699.0
4600.0,12.92,Independence Blue Cross,9 years,RENT,34000.0,Fully Paid,debt_consolidation,PA,20.33,670.0,674.0
2000.0,7.37,Retired,< 1 year,OWN,98000.0,Fully Paid,a school being built in Kenya for deaf children.  These children are considered throw-aways in Kenya and some other African nations.  They are sometimes tied to trees in the bush and left for the wild animals to kill them and eat them.  I want to contribute all of this loan amount at once and would have to cash in some investments carrying a penalty for early withdrawal otherwise.  If you would like to help with a contribution of your own,Helping Kenya's Deaf Children,796xx,0.0,Aug-1990
4000.0,9.45,San Diego Unified School District,< 1 year,RENT,29000.0,Fully Paid,debt_consolidation,CA,17.63,720.0,724.0
6400.0,10.39,Jabil Circuit,7 years,RENT,87000.0,Fully Paid,debt_consolidation,CA,14.79,710.0,714.0
3000.0,11.03,self-employed,6 years,RENT,30000.0,Fully Paid,other,CA,14.56,680.0,684.0
7675.0,13.87,,7 years,OWN,42994.0,Charged Off,credit_card,MO,24.51,685.0,689.0
7500.0,11.34,Disabled,10+ years,MORTGAGE,35000.0,Fully Paid,credit_card,OR,14.47,685.0,689.0
10000.0,10.71,Affordable Kitchen &,< 1 year,MORTGAGE,200000.0,Charged Off,other,NV,12.48,700.0,704.0
6000.0,8.0,"Title Cash of Montana, Inc.",1 year,OWN,27000.0,Fully Paid,other,MT,5.38,750.0,754.0
5000.0,9.76,In Balance Ranch Academy,1 year,MORTGAGE,47000.0,Fully Paid,other,AZ,13.53,715.0,719.0
9600.0,11.66,Allstate,1 year,RENT,60000.0,Fully Paid,credit_card,CT,21.52,705.0,709.0
6400.0,12.29,Start Dancing (self employed),2 years,RENT,35000.0,Fully Paid,debt_consolidation,NY,20.78,685.0,689.0
8400.0,14.5,Department of Corrections,< 1 year,RENT,50000.0,Fully Paid,debt_consolidation,CA,20.59,660.0,664.0
4000.0,11.34,Self Employed,4 years,MORTGAGE,105000.0,Fully Paid,other,MD,11.04,675.0,679.0
9600.0,13.87,St. Elizabeth Medical Centers,10+ years,MORTGAGE,110000.0,Fully Paid,debt_consolidation,KY,18.62,660.0,664.0
9600.0,11.03,Verizon,4 years,MORTGAGE,62892.0,Fully Paid,debt_consolidation,TX,21.83,715.0,719.0
5600.0,11.03,Self,< 1 year,RENT,50000.0,Fully Paid,major_purchase,MN,0.6,680.0,684.0
10000.0,11.03,Self,4 years,MORTGAGE,80000.0,Charged Off,credit_card,GA,11.03,695.0,699.0
9250.0,10.08,University of Pittsburgh,10+ years,MORTGAGE,36194.0,Fully Paid,debt_consolidation,PA,21.78,760.0,764.0
9600.0,10.08,St. Alphonsus,4 years,MORTGAGE,60000.0,Fully Paid,debt_consolidation,ID,19.72,730.0,734.0
6400.0,10.08,St. Peter's Prep,10+ years,MORTGAGE,62000.0,Fully Paid,debt_consolidation,NJ,8.11,710.0,714.0
9000.0,11.34,City of Colorado Springs,7 years,MORTGAGE,132000.0,Fully Paid,credit_card,CO,5.44,680.0,684.0
5000.0,12.92,Retired from Verizon New Jersey,< 1 year,RENT,18492.0,Fully Paid,debt_consolidation,VA,9.41,660.0,664.0
3200.0,7.68,Buffalo Psychiatric Center,10+ years,OWN,61717.0,Fully Paid,major_purchase,NY,12.29,760.0,764.0
10000.0,10.39,Seton Healthcare Network,< 1 year,MORTGAGE,34000.0,Charged Off,home_improvement,TX,18.46,715.0,719.0
16000.0,9.45,Self-employed,4 years,OWN,50000.0,Fully Paid,home_improvement,KS,3.12,760.0,764.0
5000.0,13.87,Buffalo board of Education,6 years,OWN,44500.0,Fully Paid,debt_consolidation,NY,29.15,750.0,754.0
15000.0,13.24,Palms Casino,2 years,RENT,49992.0,Fully Paid,debt_consolidation,NV,24.89,710.0,714.0
16775.0,11.97,Check Point Software Technologies,7 years,RENT,83000.0,Fully Paid,debt_consolidation,CA,7.46,685.0,689.0
3000.0,10.71,j & k,3 years,RENT,42264.0,Fully Paid,debt_consolidation,IL,16.83,685.0,689.0
16000.0,8.63,Self,2 years,MORTGAGE,33000.0,Fully Paid,other,MT,1.16,810.0,814.0
10000.0,13.24,Self,10+ years,RENT,102000.0,Charged Off,educational,NY,7.31,665.0,669.0
15000.0,10.39,Department of Defense (DOD),7 years,MORTGAGE,57000.0,Fully Paid,debt_consolidation,CA,14.42,730.0,734.0
10000.0,9.76,GATE PETROLEUM,10+ years,MORTGAGE,36252.0,Charged Off,debt_consolidation,FL,8.11,715.0,719.0
7000.0,8.0,,< 1 year,OTHER,35000.0,Fully Paid,debt_consolidation,DC,15.81,795.0,799.0
8800.0,10.71,NYC Department of Education,1 year,RENT,65500.0,Fully Paid,debt_consolidation,NY,13.08,700.0,704.0
5000.0,15.13,BJ OIL SERVICE COMPANY,2 years,RENT,60000.0,Fully Paid,major_purchase,KY,2.74,665.0,669.0
6975.0,12.29,CitiStreet,< 1 year,RENT,28000.0,Fully Paid,debt_consolidation,FL,12.81,665.0,669.0
5000.0,7.68,Synopsys,10+ years,OWN,185000.0,Fully Paid,other,TX,11.97,775.0,779.0
20000.0,12.29,Executive Appraisal Services,5 years,MORTGAGE,96000.0,Charged Off,credit_card,TN,5.36,685.0,689.0
9900.0,9.76,Service First Realty,1 year,MORTGAGE,60000.0,Fully Paid,credit_card,AZ,1.8,715.0,719.0
10000.0,11.66,ACORD Corporation,3 years,RENT,67000.0,Fully Paid,other,NY,7.07,675.0,679.0
3000.0,12.92,Butler Ambulatory Surgery Center,< 1 year,OWN,38004.0,Fully Paid,other,PA,20.84,670.0,674.0
20000.0,16.08,loacl 73 sheetmetal workes,10+ years,MORTGAGE,82000.0,Charged Off,debt_consolidation,IL,19.96,660.0,664.0
4500.0,11.03,STATE OF NEW HAMPSHIRE,3 years,RENT,37342.5,Fully Paid,credit_card,NH,24.97,755.0,759.0
4000.0,12.61,"Arbor Properties, Inc.",1 year,RENT,30900.0,Fully Paid,debt_consolidation,FL,22.83,675.0,679.0
10000.0,15.76,R.E. Michel Company,8 years,OWN,42642.71,Fully Paid,home_improvement,PA,13.56,660.0,664.0
2400.0,11.03,ACS,< 1 year,RENT,50000.0,Fully Paid,debt_consolidation,CA,13.82,680.0,684.0
9700.0,11.34,BATTAGLIA OUTLET INC,1 year,RENT,28000.0,Charged Off,major_purchase,FL,23.14,750.0,754.0
11200.0,9.76,retired from state of florida,10+ years,OWN,36000.0,Fully Paid,credit_card,FL,16.8,730.0,734.0
15000.0,11.03,self employed,10+ years,OTHER,32000.0,Fully Paid,other,NC,0.38,700.0,704.0
12000.0,8.32,Choice Education and Development,10+ years,RENT,54996.0,Fully Paid,debt_consolidation,AZ,9.58,780.0,784.0
20000.0,10.08,Buffalo Board of Education,6 years,OWN,44500.0,Fully Paid,other,NY,11.73,740.0,744.0
5000.0,10.08,Tampa General Hospital,1 year,RENT,27000.0,Fully Paid,debt_consolidation,FL,12.71,730.0,734.0
2800.0,12.29,U.S. Army,1 year,RENT,26500.0,Fully Paid,wedding,CA,25.43,735.0,739.0
24000.0,16.08,U.S. Federal Government,10+ years,MORTGAGE,105900.0,Charged Off,educational,FL,20.39,675.0,679.0
4500.0,11.97,US Air Force,10+ years,MORTGAGE,115200.0,Fully Paid,home_improvement,MD,15.49,670.0,674.0
10000.0,10.08,,2 years,RENT,35665.0,Fully Paid,debt_consolidation,OH,21.57,745.0,749.0
5700.0,10.39,MWNW Orthopedics and Sports Medicine,1 year,RENT,36000.0,Fully Paid,debt_consolidation,MA,9.57,695.0,699.0
4075.0,8.32,East-West Medical Research Institute,< 1 year,RENT,19200.0,Fully Paid,debt_consolidation,HI,1.25,740.0,744.0
5000.0,11.66,Hawaii Pacific Health,3 years,MORTGAGE,69600.0,Fully Paid,home_improvement,HI,3.53,675.0,679.0
4000.0,10.08,Stevens Institute of Technology,3 years,RENT,15000.0,Charged Off,credit_card,NJ,8.08,705.0,709.0
10000.0,10.71,Bali House Furnishings,1 year,RENT,50000.0,Charged Off,other,CA,9.58,700.0,704.0
3300.0,11.03,"Marks Paneth & Shron, LLP",3 years,RENT,70000.0,Fully Paid,credit_card,NY,1.37,675.0,679.0
12000.0,13.55,FSC Company,10+ years,RENT,82000.0,Fully Paid,credit_card,IL,18.74,670.0,674.0
25000.0,17.03,State LLC,6 years,OTHER,97000.0,Fully Paid,medical,GA,16.53,660.0,664.0
10400.0,11.66,Target Corporation,2 years,RENT,57300.0,Fully Paid,debt_consolidation,MN,15.92,685.0,689.0
16000.0,13.24,Windsor Nissan,< 1 year,RENT,50000.0,Charged Off,debt_consolidation,NJ,17.77,675.0,679.0
10000.0,8.0,Self,< 1 year,MORTGAGE,28989.0,Fully Paid,other,IL,2.24,790.0,794.0
12000.0,11.66,,< 1 year,MORTGAGE,35280.0,Charged Off,debt_consolidation,MS,17.69,700.0,704.0
6000.0,13.24,National Liberty Museum,10+ years,OWN,38400.0,Fully Paid,home_improvement,PA,23.09,685.0,689.0
7200.0,11.97,American Family Insurance Group,10+ years,MORTGAGE,64000.0,Charged Off,debt_consolidation,CO,22.28,695.0,699.0
5000.0,10.08,Self,4 years,RENT,42000.0,Fully Paid,major_purchase,MN,21.77,760.0,764.0
5000.0,11.97,Svendsen's Boat Works,1 year,OWN,51320.0,Fully Paid,debt_consolidation,CA,22.73,690.0,694.0
9600.0,11.97,Georgia Tech,3 years,RENT,78000.0,Fully Paid,car,GA,13.0,680.0,684.0
5000.0,11.97,Computer Solutions,2 years,MORTGAGE,48000.0,Fully Paid,debt_consolidation,TX,13.03,675.0,679.0
13000.0,11.97,ATLANATA BONDED WAREHOUSE,10+ years,MORTGAGE,50000.0,Fully Paid,debt_consolidation,GA,8.14,695.0,699.0
7200.0,10.71,Veterans Affairs Department (VA),10+ years,MORTGAGE,40000.0,Fully Paid,credit_card,TX,18.75,710.0,714.0
10000.0,10.39,Deloitte  and  Touche,6 years,RENT,62200.0,Fully Paid,debt_consolidation,CT,10.59,705.0,709.0
10000.0,10.39,MOLECULES LLC,1 year,RENT,38400.0,Fully Paid,debt_consolidation,CA,7.12,710.0,714.0
6600.0,13.24,Rural Metro,10+ years,MORTGAGE,32400.0,Fully Paid,debt_consolidation,AZ,22.0,670.0,674.0
12000.0,9.76,The Ohio State Universtiy,9 years,MORTGAGE,45000.0,Fully Paid,debt_consolidation,OH,7.6,725.0,729.0
16800.0,9.76,Justin Calhoun Photography,4 years,MORTGAGE,65000.0,Fully Paid,home_improvement,TX,13.79,745.0,749.0
6000.0,8.0,KS construction,10+ years,OTHER,160000.0,Fully Paid,major_purchase,GA,0.13,765.0,769.0
16000.0,12.29,IBM,1 year,RENT,112500.0,Fully Paid,debt_consolidation,RI,3.07,685.0,689.0
25000.0,12.92,"GSL Properties, Inc.",5 years,RENT,83000.0,Fully Paid,debt_consolidation,OR,14.24,705.0,709.0
25000.0,10.08,American Airlines,10+ years,MORTGAGE,140000.0,Fully Paid,credit_card,VA,2.74,750.0,754.0
12000.0,10.39,Guardian Life Insurance Company,< 1 year,RENT,45900.0,Fully Paid,credit_card,NJ,18.75,730.0,734.0
15000.0,14.18,UCLA,1 year,RENT,66000.0,Fully Paid,debt_consolidation,CA,21.49,700.0,704.0
20000.0,13.87,EMC Mortgage Corporation,10+ years,RENT,60000.0,Fully Paid,debt_consolidation,TX,24.48,710.0,714.0
25000.0,10.08,Self-Employed,1 year,MORTGAGE,95000.0,Fully Paid,other,TN,3.36,755.0,759.0
10000.0,13.55,"Brady Worldwide, Inc.",8 years,RENT,148000.0,Fully Paid,debt_consolidation,CA,10.14,660.0,664.0
20000.0,11.66,Sonora Quest Laboratories,< 1 year,RENT,54912.0,Charged Off,credit_card,AZ,16.91,710.0,714.0
20000.0,12.29,NYSDOT,4 years,MORTGAGE,97200.0,Fully Paid,debt_consolidation,NY,19.7,705.0,709.0
15600.0,11.97,putnam lexus,2 years,MORTGAGE,180000.0,Fully Paid,debt_consolidation,CA,6.65,680.0,684.0
23575.0,14.5,Cleveland Country Club,3 years,RENT,75000.0,Fully Paid,credit_card,NC,22.74,680.0,684.0
6000.0,11.66,Pottery Barn,6 years,RENT,27000.0,Fully Paid,debt_consolidation,TX,18.53,680.0,684.0
8350.0,11.34,usfs,8 years,OWN,60000.0,Fully Paid,credit_card,CA,14.56,685.0,689.0
7500.0,9.76,,< 1 year,RENT,20000.0,Fully Paid,educational,MT,10.56,715.0,719.0
18000.0,10.71,NYC Department of Education,6 years,RENT,52610.0,Charged Off,debt_consolidation,NY,15.6,715.0,719.0
25000.0,13.24,los angeles county fire department,10+ years,MORTGAGE,200000.0,Charged Off,other,CA,15.62,705.0,709.0
8000.0,12.92,Finishing Touches Studio,1 year,RENT,50000.0,Fully Paid,other,IL,1.39,660.0,664.0
25000.0,10.08,Emergency Medical Associate,2 years,MORTGAGE,225000.0,Fully Paid,major_purchase,NJ,4.51,755.0,759.0
15000.0,9.76,ArcherPoint,2 years,MORTGAGE,114000.0,Fully Paid,credit_card,TX,14.33,760.0,764.0
12000.0,11.34,Vandroff Insurance Agency Inc,10+ years,OWN,51000.0,Fully Paid,debt_consolidation,FL,20.82,720.0,724.0
25000.0,15.76,epsg management services,7 years,MORTGAGE,120000.0,Fully Paid,I thought it was a great idea that fellow americans could be making money off of interest,Debt Consolidation,913xx,1.0,May-1994
20000.0,10.71,Sears Holdings Corporation,4 years,MORTGAGE,39000.0,Fully Paid,credit_card,TX,9.66,715.0,719.0
8000.0,11.03,IDEA Public Schools,< 1 year,RENT,39000.0,Fully Paid,credit_card,TX,14.8,695.0,699.0
23000.0,11.03,Self Employed,< 1 year,MORTGAGE,120000.0,Fully Paid,other,CA,15.07,720.0,724.0
7500.0,11.66,Liebert Global Services,1 year,MORTGAGE,60000.0,Fully Paid,debt_consolidation,TX,19.22,685.0,689.0
14000.0,9.76,HD Segur,1 year,RENT,45000.0,Fully Paid,credit_card,CT,11.31,725.0,729.0
25000.0,10.08,,< 1 year,MORTGAGE,145000.0,Fully Paid,other,ID,1.73,760.0,764.0
20000.0,9.45,L'Oreal,< 1 year,RENT,93492.0,Fully Paid,wedding,NJ,3.98,775.0,779.0
3100.0,13.24,Edward Jones,1 year,RENT,45000.0,Does not meet the credit policy. Status:Fully Paid,car,GA,12.0,655.0,659.0
3000.0,14.18,,< 1 year,RENT,33000.0,Does not meet the credit policy. Status:Fully Paid,credit_card,MN,22.79,655.0,659.0
6000.0,12.92,,< 1 year,RENT,39000.0,Does not meet the credit policy. Status:Fully Paid,credit_card,HI,25.48,730.0,734.0
6000.0,14.82,VA CT Healthcare Systems,< 1 year,RENT,70000.0,Does not meet the credit policy. Status:Fully Paid,debt_consolidation,CT,12.65,640.0,644.0
2400.0,11.03,Franchise Tax Board,10+ years,MORTGAGE,77712.0,Does not meet the credit policy. Status:Charged Off,credit_card,CA,18.24,685.0,689.0
7500.0,14.18,Fidelity Investments,2 years,MORTGAGE,40000.0,Does not meet the credit policy. Status:Charged Off,debt_consolidation,TX,26.88,700.0,704.0
3050.0,13.87,FAA,2 years,MORTGAGE,75000.0,Does not meet the credit policy. Status:Fully Paid,credit_card,KS,10.14,645.0,649.0
7000.0,16.08,"Health Net, Inc.",10+ years,MORTGAGE,189500.0,Does not meet the credit policy. Status:Charged Off,debt_consolidation,CA,22.47,645.0,649.0
1200.0,15.13,lazer spot,7 years,OWN,40000.0,Does not meet the credit policy. Status:Charged Off,other,GA,24.81,655.0,659.0
7500.0,13.55,Computer Solutions,2 years,MORTGAGE,49000.0,Does not meet the credit policy. Status:Fully Paid,debt_consolidation,TX,18.74,665.0,669.0
7000.0,14.82,,< 1 year,MORTGAGE,45000.0,Does not meet the credit policy. Status:Charged Off,debt_consolidation,OH,19.12,650.0,654.0
5000.0,17.66,Blue Coat Systems,1 year,MORTGAGE,150000.0,Does not meet the credit policy. Status:Charged Off,debt_consolidation,GA,27.86,650.0,654.0
7500.0,11.34,Aramark,5 years,MORTGAGE,45000.0,Does not meet the credit policy. Status:Charged Off,other,AZ,22.45,710.0,714.0
7500.0,14.82,General Motors,10+ years,MORTGAGE,70000.0,Does not meet the credit policy. Status:Fully Paid,other,CA,25.68,690.0,694.0
7500.0,15.76,Road Ranger enterprises,< 1 year,MORTGAGE,48991.0,Does not meet the credit policy. Status:Fully Paid,debt_consolidation,IA,27.41,675.0,679.0
6000.0,11.03,IBM,1 year,MORTGAGE,40000.0,Does not meet the credit policy. Status:Fully Paid,debt_consolidation,CO,13.44,690.0,694.0
4000.0,17.34,Medco Health Solutions,< 1 year,RENT,30000.0,Does not meet the credit policy. Status:Fully Paid,debt_consolidation,NJ,28.56,665.0,669.0
5000.0,14.82,Hussmann Corp,10+ years,RENT,52000.0,Does not meet the credit policy. Status:Fully Paid,home_improvement,MO,14.17,640.0,644.0
6400.0,14.5,Washington State University,1 year,RENT,50844.0,Does not meet the credit policy. Status:Fully Paid,debt_consolidation,WA,7.27,645.0,649.0
10000.0,14.82,City of Glendale,6 years,MORTGAGE,92184.0,Does not meet the credit policy. Status:Fully Paid,"and to be debt free by three years.  This plan should afford me the opportunity to send my child to private school at that time and help improve the quality of life for my family.  \"",935xx,CA,Oct-1998,695.0
3600.0,14.82,rons staffing,10+ years,RENT,35000.0,Does not meet the credit policy. Status:Charged Off,debt_consolidation,IL,13.68,640.0,644.0
9850.0,14.82,Defense Associates Inc.,6 years,MORTGAGE,75000.0,Does not meet the credit policy. Status:Charged Off,other,NC,16.05,650.0,654.0
9100.0,12.61,Baxter International Inc.,3 years,MORTGAGE,40000.0,Does not meet the credit policy. Status:Fully Paid,other,IL,10.53,665.0,669.0
6250.0,18.61,Deal Trading,3 years,MORTGAGE,60000.0,Does not meet the credit policy. Status:Fully Paid,home_improvement,OH,26.08,640.0,644.0
7675.0,15.13,Watts Consulting,9 years,MORTGAGE,140000.0,Does not meet the credit policy. Status:Charged Off,other,TX,18.08,645.0,649.0
9250.0,15.76,Retired From Texas Southern University,10+ years,RENT,39000.0,Does not meet the credit policy. Status:Fully Paid,debt_consolidation,TX,22.58,650.0,654.0
6400.0,14.5,self employed,6 years,MORTGAGE,90000.0,Does not meet the credit policy. Status:Fully Paid,and by understanding this issue,I found an unique class asset,that combined the safety of T-bills,I am requesting a short term 36 month loan of $6,400.               This will allow me to pay my most basic expenses for the next 180 days
6000.0,13.55,Newco Distributors,3 years,RENT,38500.0,Does not meet the credit policy. Status:Fully Paid,debt_consolidation,CA,10.91,655.0,659.0
8000.0,11.34,advance reproductions,10+ years,MORTGAGE,48000.0,Does not meet the credit policy. Status:Charged Off,debt_consolidation,MA,13.0,685.0,689.0
5000.0,17.34,Gateway Behavioral Health Services,< 1 year,RENT,35000.0,Does not meet the credit policy. Status:Charged Off,debt_consolidation,GA,26.78,650.0,654.0
9250.0,17.66,Imagine One,< 1 year,MORTGAGE,50000.0,Does not meet the credit policy. Status:Fully Paid,home_improvement,SC,24.46,645.0,649.0
3200.0,12.29,V A Disability,10+ years,MORTGAGE,55000.0,Does not meet the credit policy. Status:Charged Off,debt_consolidation,NV,9.1,665.0,669.0
1800.0,10.71,Corcoran State Prison,10+ years,MORTGAGE,123000.0,Does not meet the credit policy. Status:Fully Paid,credit_card,CA,11.55,680.0,684.0
8325.0,15.76,Virginia Endocrinology and Osteoporosis Center,3 years,MORTGAGE,50000.0,Does not meet the credit policy. Status:Charged Off,credit_card,VA,21.5,650.0,654.0
8800.0,12.92,Defense Department (DOD),6 years,RENT,38000.0,Does not meet the credit policy. Status:Fully Paid,debt_consolidation,HI,19.52,670.0,674.0
4800.0,14.5,Philip Morris,1 year,RENT,63000.0,Does not meet the credit policy. Status:Fully Paid,debt_consolidation,NC,11.39,640.0,644.0
4800.0,13.87,MILITARY,8 years,RENT,46000.0,Does not meet the credit policy. Status:Fully Paid,debt_consolidation,TX,22.72,660.0,664.0
7900.0,14.18,Sunset Grill,4 years,MORTGAGE,48000.0,Does not meet the credit policy. Status:Charged Off,other,FL,15.1,655.0,659.0
9125.0,14.5,The Home Depot,5 years,RENT,54150.0,Does not meet the credit policy. Status:Fully Paid,debt_consolidation,CA,17.24,655.0,659.0
9850.0,14.82,Disabled,< 1 year,MORTGAGE,55176.0,Does not meet the credit policy. Status:Charged Off,debt_consolidation,FL,10.4,645.0,649.0
6400.0,13.24,Oakland Schools,9 years,RENT,37000.0,Does not meet the credit policy. Status:Fully Paid,credit_card,MI,25.07,715.0,719.0
9000.0,14.82,Douglas Development Corporation,< 1 year,MORTGAGE,88800.0,Does not meet the credit policy. Status:Charged Off,other,DC,19.34,655.0,659.0
5600.0,14.82,The Walt Disney Company,2 years,RENT,73000.0,Does not meet the credit policy. Status:Charged Off,other,CA,20.6,655.0,659.0
10000.0,13.55,State of California,10+ years,MORTGAGE,100000.0,Does not meet the credit policy. Status:Fully Paid,other,CA,9.28,660.0,664.0
4000.0,12.61,"PFPC, Inc.",4 years,MORTGAGE,40000.0,Does not meet the credit policy. Status:Fully Paid,debt_consolidation,PA,20.07,675.0,679.0
9200.0,12.61,U.S. Navy,10+ years,MORTGAGE,95030.0,Does not meet the credit policy. Status:Charged Off,other,FL,27.4,745.0,749.0
3000.0,10.71,Balboa Insurance Group,1 year,RENT,27000.0,Does not meet the credit policy. Status:Fully Paid,debt_consolidation,AZ,18.89,695.0,699.0
9000.0,9.76,El Monte City School District,9 years,MORTGAGE,65332.0,Does not meet the credit policy. Status:Fully Paid,vacation,CA,17.12,725.0,729.0
15000.0,18.29,,< 1 year,MORTGAGE,110000.0,Does not meet the credit policy. Status:Charged Off,credit_card,MA,11.09,655.0,659.0
900.0,12.92,,< 1 year,RENT,12760.0,Does not meet the credit policy. Status:Fully Paid,debt_consolidation,TX,25.11,715.0,719.0
5000.0,13.55,,< 1 year,RENT,33000.0,Does not meet the credit policy. Status:Fully Paid,other,MN,16.62,655.0,659.0
25000.0,11.66,AMSEC  LLC,7 years,RENT,90000.0,Does not meet the credit policy. Status:Fully Paid,other,NY,19.93,715.0,719.0
13000.0,15.45,Venture Aviation,3 years,RENT,40000.0,Does not meet the credit policy. Status:Fully Paid,debt_consolidation,SC,14.52,655.0,659.0
3975.0,14.18,Cypress-Fairbanks Independent School District,< 1 year,RENT,24000.0,Does not meet the credit policy. Status:Fully Paid,credit_card,TX,29.7,725.0,729.0
5100.0,10.08,Ford Motor Company retired,10+ years,OTHER,15000.0,Does not meet the credit policy. Status:Charged Off,debt_consolidation,MI,11.12,705.0,709.0
17350.0,18.29,pnw boces,9 years,OTHER,95000.0,Does not meet the credit policy. Status:Fully Paid,debt_consolidation,NY,20.48,650.0,654.0
5000.0,18.29,newark beth israel medical center,4 years,MORTGAGE,60000.0,Does not meet the credit policy. Status:Fully Paid,credit_card,NJ,27.14,640.0,644.0
500.0,8.32,Reliant Energy,1 year,OTHER,100000.0,Does not meet the credit policy. Status:Fully Paid,medical,TX,14.02,745.0,749.0
4800.0,13.87,Dr. Nicholas Johnnidis,3 years,RENT,48000.0,Does not meet the credit policy. Status:Fully Paid,medical,NY,9.18,650.0,654.0
7800.0,17.34,Catholic Medical Center,3 years,MORTGAGE,52000.0,Does not meet the credit policy. Status:Fully Paid,but any help would be greatly appreciated.   I am trying to live a good life and I give back to others daily. While I am not able to do this finacially,debt_consolidation,Struggling to stay afloat,28.36,0.0
4200.0,14.18,B-mar & Associates,10+ years,MORTGAGE,33000.0,Does not meet the credit policy. Status:Charged Off,debt_consolidation,CA,9.2,645.0,649.0
10475.0,17.03,City of Hawthorne,1 year,RENT,46000.0,Does not meet the credit policy. Status:Fully Paid,credit_card,CA,23.22,650.0,654.0
7000.0,14.82,Self employed,2 years,MORTGAGE,42000.0,Does not meet the credit policy. Status:Fully Paid,other,FL,11.14,640.0,644.0
11400.0,15.45,Property Management Experts,< 1 year,RENT,35000.0,Does not meet the credit policy. Status:Fully Paid,debt_consolidation,CA,13.89,645.0,649.0
8000.0,18.61,Petobego LLC,4 years,RENT,220000.0,Does not meet the credit policy. Status:Fully Paid,other,CA,6.87,645.0,649.0
5000.0,11.03,Retired,3 years,MORTGAGE,113000.0,Does not meet the credit policy. Status:Fully Paid,medical,TX,5.0,680.0,684.0
10000.0,14.18,Brinks Security,2 years,MORTGAGE,91000.0,Does not meet the credit policy. Status:Charged Off,credit_card,MA,12.99,655.0,659.0
15000.0,16.4,POLLEY DERMATOLOGY,2 years,MORTGAGE,90000.0,Does not meet the credit policy. Status:Fully Paid,debt_consolidation,NC,18.12,655.0,659.0
1325.0,13.55,HLPUSD,7 years,RENT,66000.0,Does not meet the credit policy. Status:Charged Off,other,CA,11.65,645.0,649.0
5925.0,11.97,The Law Center,4 years,MORTGAGE,88000.0,Does not meet the credit policy. Status:Charged Off,debt_consolidation,WI,20.84,685.0,689.0
15000.0,16.4,"WA Homes, LLC",3 years,MORTGAGE,240000.0,Does not meet the credit policy. Status:Fully Paid,other,WA,12.37,650.0,654.0
600.0,17.66,TTM Technologies,1 year,OTHER,23826.0,Does not meet the credit policy. Status:Charged Off,other,WA,26.89,640.0,644.0
7000.0,9.45,Havertys,2 years,OWN,100000.0,Does not meet the credit policy. Status:Charged Off,medical,FL,7.6,715.0,719.0
25000.0,17.34,"MIA Enterprises, LLC",1 year,RENT,90000.0,Does not meet the credit policy. Status:Fully Paid,debt_consolidation,NM,25.59,685.0,689.0
18875.0,18.61,"InvestorCom, Inc.",10+ years,MORTGAGE,225000.0,Does not meet the credit policy. Status:Fully Paid,other,CT,16.47,640.0,644.0
9000.0,14.5,Touch 99 Corp,10+ years,RENT,50000.0,Does not meet the credit policy. Status:Fully Paid,credit_card,CA,27.84,690.0,694.0
16000.0,17.34,Homeco HBC Inc.,6 years,RENT,45120.0,Does not meet the credit policy. Status:Fully Paid,debt_consolidation,CA,16.44,650.0,654.0
12000.0,10.71,FM Global,4 years,MORTGAGE,80000.0,Does not meet the credit policy. Status:Fully Paid,my family's immediate goal of wrestling our credit card debt to zero is very much an uphill battle.  Looking for a low-interest,Eliminating Credit Card Debt,028xx,0.0,Jul-1991
13925.0,17.97,Springfield Center for Psychological Services,< 1 year,MORTGAGE,66000.0,Does not meet the credit policy. Status:Charged Off,too,Refinance & Conquer,627xx,0.0,Jun-1989
12000.0,14.82,UBS,2 years,OTHER,75686.0,Does not meet the credit policy. Status:Fully Paid,credit_card,CA,10.24,650.0,654.0
5400.0,13.55,Outback Steakhouse,7 years,MORTGAGE,31600.0,Does not meet the credit policy. Status:Charged Off,other,IL,3.11,655.0,659.0
10000.0,14.82,Macquarie Bank Limited - Representative Office,2 years,OTHER,100000.0,Does not meet the credit policy. Status:Charged Off,credit_card,CA,9.73,645.0,649.0
18000.0,17.34,Galaxie Corporation,3 years,MORTGAGE,63000.0,Does not meet the credit policy. Status:Fully Paid,credit_card,MI,25.68,675.0,679.0
2500.0,12.61,Army Corps of Engineers,2 years,MORTGAGE,23169.0,Does not meet the credit policy. Status:Charged Off,educational,MD,3.78,675.0,679.0
2500.0,13.87,Expressos,4 years,RENT,25000.0,Does not meet the credit policy. Status:Fully Paid,debt_consolidation,RI,4.18,645.0,649.0
16000.0,17.03,General Dynamics,7 years,RENT,85400.0,Does not meet the credit policy. Status:Fully Paid,debt_consolidation,MA,25.32,670.0,674.0
13000.0,14.18,Caremark,2 years,RENT,36000.0,Does not meet the credit policy. Status:Charged Off,debt_consolidation,TX,18.93,665.0,669.0
14400.0,14.18,Dust Pro's Janitorial,10+ years,MORTGAGE,55000.0,Does not meet the credit policy. Status:Fully Paid,credit_card,MO,23.04,685.0,689.0
5000.0,11.97,Wells Fargo,3 years,RENT,30000.0,Does not meet the credit policy. Status:Fully Paid,debt_consolidation,IL,20.76,685.0,689.0
6250.0,17.97,Palm Beach Community Bank/Palm Beach County Bank,8 years,MORTGAGE,42000.0,Does not meet the credit policy. Status:Charged Off,debt_consolidation,FL,28.29,660.0,664.0
5100.0,17.34,StateWide Management,3 years,RENT,44187.0,Does not meet the credit policy. Status:Fully Paid,credit_card,PA,26.78,655.0,659.0
10000.0,17.97,Westbank Flower Market,10+ years,MORTGAGE,80000.0,Does not meet the credit policy. Status:Fully Paid,debt_consolidation,TX,29.72,670.0,674.0
7100.0,12.29,S. E. Floors,6 years,MORTGAGE,25000.0,Does not meet the credit policy. Status:Fully Paid,debt_consolidation,ID,15.55,670.0,674.0
10000.0,13.87,Mount Alvernia Academy,6 years,MORTGAGE,46900.0,Does not meet the credit policy. Status:Fully Paid,debt_consolidation,MA,19.73,660.0,664.0
5000.0,11.03,The Wistar Institute,< 1 year,RENT,38000.0,Does not meet the credit policy. Status:Fully Paid,major_purchase,PA,0.47,680.0,684.0
20000.0,14.5,Anoka County and State of Minnesota,10+ years,MORTGAGE,83000.0,Does not meet the credit policy. Status:Charged Off,debt_consolidation,MN,25.4,715.0,719.0
25000.0,17.66,"American Cybersystems, Inc",9 years,MORTGAGE,170000.0,Does not meet the credit policy. Status:Fully Paid,debt_consolidation,NY,26.97,680.0,684.0
5250.0,12.92,Collins Tree Service,5 years,RENT,20000.0,Does not meet the credit policy. Status:Charged Off,debt_consolidation,MO,13.38,665.0,669.0
9600.0,11.34,Interstate Batteries,7 years,MORTGAGE,113000.0,Does not meet the credit policy. Status:Fully Paid,credit_card,TX,18.54,705.0,709.0
3500.0,11.97,self - N/A,< 1 year,MORTGAGE,21504.0,Does not meet the credit policy. Status:Fully Paid,other,VA,26.84,770.0,774.0
10000.0,13.24,Lucky Strike Lanes,4 years,RENT,66000.0,Does not meet the credit policy. Status:Charged Off,major_purchase,DC,9.13,670.0,674.0
15000.0,10.71,Four Plus Realtors,10+ years,MORTGAGE,99000.0,Does not meet the credit policy. Status:Fully Paid,debt_consolidation,CA,8.65,710.0,714.0
20000.0,13.24,ubs,2 years,MORTGAGE,200000.0,Does not meet the credit policy. Status:Fully Paid,credit_card,FL,21.31,695.0,699.0
20000.0,11.97,Johnson County Community College,1 year,MORTGAGE,90012.0,Does not meet the credit policy. Status:Fully Paid,other,KS,18.96,705.0,709.0
